Source,Target,Weight
11-1011.00,11-2022.00,0.9562
11-1011.00,11-3071.04,0.9584
11-1011.03,11-2011.00,0.9616
11-1011.03,11-2021.00,0.9576
11-1011.03,11-2022.00,0.9597
11-1011.03,11-3121.00,0.9566
11-1011.03,11-9151.00,0.9623
11-1011.03,11-9161.00,0.9612
11-1011.03,11-9199.01,0.9632
11-1011.03,13-1041.07,0.9638
11-1011.03,13-1081.00,0.959
11-1011.03,13-1111.00,0.9798
11-1011.03,13-1141.00,0.955
11-1011.03,13-1199.04,0.96
11-1011.03,19-3051.00,0.9649
11-1011.03,19-3099.01,0.9546
11-1011.03,25-4012.00,0.9532
11-1011.03,25-9021.00,0.9663
11-1011.03,27-2041.00,0.9551
11-1011.03,41-3031.00,0.9505
11-1021.00,11-2022.00,0.9648
11-1021.00,11-3012.00,0.9693
11-1021.00,11-3013.01,0.9602
11-1021.00,11-3031.00,0.9507
11-1021.00,11-3061.00,0.9647
11-1021.00,11-3071.00,0.9646
11-1021.00,11-3071.04,0.9578
11-1021.00,11-9021.00,0.9505
11-1021.00,11-9031.00,0.9673
11-1021.00,11-9032.00,0.9586
11-1021.00,11-9071.00,0.9675
11-1021.00,11-9072.00,0.9693
11-1021.00,11-9081.00,0.9572
11-1021.00,11-9131.00,0.9717
11-1021.00,11-9141.00,0.9517
11-1021.00,11-9161.00,0.9558
11-1021.00,11-9179.02,0.9556
11-1021.00,11-9199.10,0.9761
11-1021.00,13-1021.00,0.9632
11-1021.00,13-1081.00,0.9587
11-1021.00,13-1121.00,0.9535
11-1021.00,27-1022.00,0.9548
11-1021.00,27-2012.00,0.9641
11-1021.00,27-2012.03,0.9751
11-1021.00,33-1011.00,0.9535
11-1021.00,41-1011.00,0.9515
11-1021.00,41-1012.00,0.9775
11-1021.00,43-1011.00,0.9632
11-2011.00,11-2021.00,0.9737
11-2011.00,11-2022.00,0.9607
11-2011.00,11-2033.00,0.9759
11-2011.00,11-3031.00,0.9623
11-2011.00,11-3031.03,0.9575
11-2011.00,11-3071.04,0.9503
11-2011.00,11-3111.00,0.9693
11-2011.00,11-3121.00,0.9636
11-2011.00,11-3131.00,0.9507
11-2011.00,11-9032.00,0.9531
11-2011.00,11-9111.00,0.9574
11-2011.00,11-9161.00,0.9536
11-2011.00,13-1041.07,0.9598
11-2011.00,13-1041.08,0.9527
11-2011.00,13-1051.00,0.9563
11-2011.00,13-1081.00,0.9737
11-2011.00,13-1111.00,0.9684
11-2011.00,13-1131.00,0.9541
11-2011.00,13-1141.00,0.9622
11-2011.00,13-2011.00,0.9519
11-2011.00,13-2052.00,0.9564
11-2011.00,13-2053.00,0.9639
11-2011.00,19-3051.00,0.9562
11-2011.00,23-1011.00,0.9521
11-2011.00,25-4012.00,0.9599
11-2011.00,27-1011.00,0.9655
11-2011.00,27-1025.00,0.9551
11-2011.00,27-2012.04,0.9584
11-2011.00,27-2041.00,0.9652
11-2011.00,27-3031.00,0.9586
11-2011.00,41-3031.00,0.9594
11-2011.00,43-3061.00,0.959
11-2021.00,11-2022.00,0.9688
11-2021.00,11-3111.00,0.9558
11-2021.00,11-3121.00,0.9601
11-2021.00,11-9111.00,0.9764
11-2021.00,11-9161.00,0.9516
11-2021.00,13-1081.00,0.9803
11-2021.00,13-1111.00,0.9548
11-2021.00,27-1011.00,0.968
11-2021.00,27-1022.00,0.9531
11-2021.00,27-2041.00,0.9577
11-2022.00,11-2033.00,0.9501
11-2022.00,11-3031.00,0.9519
11-2022.00,11-3061.00,0.9572
11-2022.00,11-3071.00,0.9509
11-2022.00,11-3111.00,0.9535
11-2022.00,11-3121.00,0.9849
11-2022.00,11-9031.00,0.9639
11-2022.00,11-9032.00,0.9562
11-2022.00,11-9033.00,0.9678
11-2022.00,11-9071.00,0.9581
11-2022.00,11-9072.00,0.957
11-2022.00,11-9111.00,0.9642
11-2022.00,11-9151.00,0.9643
11-2022.00,11-9161.00,0.9676
11-2022.00,13-1081.00,0.9628
11-2022.00,13-1131.00,0.9537
11-2022.00,21-2011.00,0.9507
11-2022.00,27-2041.00,0.9623
11-2022.00,41-1011.00,0.9599
11-2022.00,41-1012.00,0.9747
11-2022.00,41-3031.00,0.955
11-2033.00,11-3031.00,0.9694
11-2033.00,11-3031.03,0.9512
11-2033.00,11-3111.00,0.9506
11-2033.00,13-1075.00,0.9529
11-2033.00,13-1131.00,0.9737
11-2033.00,13-1199.06,0.9722
11-2033.00,13-2053.00,0.9528
11-2033.00,41-3031.00,0.9673
11-2033.00,43-3061.00,0.9541
11-3012.00,11-3061.00,0.9607
11-3012.00,11-3071.00,0.955
11-3012.00,11-9072.00,0.9563
11-3012.00,11-9131.00,0.9677
11-3012.00,11-9199.10,0.9505
11-3012.00,13-1121.00,0.9505
11-3012.00,27-1022.00,0.958
11-3012.00,27-2012.00,0.9573
11-3012.00,27-2012.03,0.9621
11-3012.00,43-1011.00,0.9521
11-3013.00,11-9199.09,0.9557
11-3013.00,33-1021.00,0.9541
11-3013.00,33-1091.00,0.9561
11-3013.01,11-9031.00,0.9576
11-3013.01,11-9072.00,0.9619
11-3013.01,11-9081.00,0.9508
11-3013.01,11-9199.10,0.9527
11-3013.01,13-1121.00,0.9523
11-3013.01,27-2012.00,0.958
11-3013.01,33-1091.00,0.957
11-3013.01,41-1012.00,0.9517
11-3031.00,11-3031.03,0.9661
11-3031.00,11-3061.00,0.9558
11-3031.00,11-3111.00,0.9629
11-3031.00,11-3121.00,0.9655
11-3031.00,11-9031.00,0.9613
11-3031.00,11-9033.00,0.9641
11-3031.00,11-9071.00,0.9659
11-3031.00,11-9072.00,0.9545
11-3031.00,11-9199.10,0.961
11-3031.00,13-1041.08,0.9687
11-3031.00,13-1199.06,0.9589
11-3031.00,13-2011.00,0.9774
11-3031.00,13-2053.00,0.9545
11-3031.00,13-2072.00,0.9545
11-3031.00,13-2099.04,0.9509
11-3031.00,41-1012.00,0.9647
11-3031.00,41-3031.00,0.9699
11-3031.00,43-3031.00,0.9563
11-3031.00,43-3061.00,0.9673
11-3031.00,43-4011.00,0.9562
11-3031.00,43-4041.00,0.9588
11-3031.01,11-3031.03,0.9676
11-3031.01,11-3111.00,0.9544
11-3031.01,13-1051.00,0.9702
11-3031.01,13-2031.00,0.9728
11-3031.01,41-3031.00,0.9524
11-3031.03,11-3111.00,0.9673
11-3031.03,11-9033.00,0.9508
11-3031.03,13-1041.07,0.9516
11-3031.03,13-1041.08,0.9771
11-3031.03,13-1051.00,0.9638
11-3031.03,13-1081.02,0.9623
11-3031.03,13-1141.00,0.9592
11-3031.03,13-1161.01,0.9632
11-3031.03,13-1199.04,0.9668
11-3031.03,13-2011.00,0.9759
11-3031.03,13-2031.00,0.9678
11-3031.03,13-2052.00,0.9586
11-3031.03,13-2053.00,0.9744
11-3031.03,13-2072.00,0.9654
11-3031.03,13-2099.01,0.957
11-3031.03,13-2099.04,0.9565
11-3031.03,15-2051.01,0.9506
11-3031.03,25-4012.00,0.9555
11-3031.03,41-3031.00,0.9766
11-3031.03,43-4011.00,0.9511
11-3051.02,11-3051.04,0.9672
11-3051.02,11-9013.00,0.9587
11-3051.04,11-9013.00,0.9566
11-3061.00,11-3071.00,0.9535
11-3061.00,11-3071.04,0.9673
11-3061.00,11-3121.00,0.9521
11-3061.00,11-9031.00,0.9643
11-3061.00,11-9071.00,0.9598
11-3061.00,11-9111.00,0.9512
11-3061.00,11-9131.00,0.9625
11-3061.00,11-9199.10,0.956
11-3061.00,15-1299.09,0.9548
11-3061.00,27-1022.00,0.9509
11-3061.00,41-1011.00,0.9599
11-3061.00,41-1012.00,0.9682
11-3061.00,43-1011.00,0.9612
11-3071.00,11-3071.04,0.9595
11-3071.00,11-9031.00,0.9584
11-3071.00,11-9032.00,0.9506
11-3071.00,11-9071.00,0.9543
11-3071.00,11-9072.00,0.9593
11-3071.00,11-9081.00,0.9647
11-3071.00,11-9179.02,0.9582
11-3071.00,11-9199.08,0.9764
11-3071.00,27-2012.00,0.9507
11-3071.00,41-1012.00,0.96
11-3071.00,43-1011.00,0.9629
11-3071.04,13-1081.00,0.9593
11-3071.04,15-1299.09,0.9543
11-3071.04,41-1012.00,0.9534
11-3111.00,11-3121.00,0.9703
11-3111.00,13-1141.00,0.9561
11-3111.00,13-1199.04,0.9547
11-3111.00,27-2041.00,0.961
11-3111.00,41-3031.00,0.9665
11-3121.00,11-3131.00,0.9603
11-3121.00,11-9031.00,0.9669
11-3121.00,11-9032.00,0.9637
11-3121.00,11-9033.00,0.9766
11-3121.00,11-9071.00,0.9583
11-3121.00,11-9072.00,0.9555
11-3121.00,11-9111.00,0.9546
11-3121.00,11-9151.00,0.9663
11-3121.00,11-9161.00,0.9622
11-3121.00,13-1041.08,0.9555
11-3121.00,13-1075.00,0.954
11-3121.00,13-1081.00,0.9543
11-3121.00,13-1141.00,0.9532
11-3121.00,21-2011.00,0.9568
11-3121.00,25-9031.00,0.9614
11-3121.00,27-2041.00,0.9749
11-3121.00,41-1012.00,0.9693
11-3121.00,41-3031.00,0.9577
11-3131.00,11-9031.00,0.9547
11-3131.00,11-9032.00,0.9682
11-3131.00,11-9033.00,0.9589
11-3131.00,11-9111.00,0.9502
11-3131.00,11-9161.00,0.9613
11-3131.00,13-1151.00,0.9593
11-3131.00,21-2021.00,0.961
11-3131.00,25-9031.00,0.9575
11-9031.00,11-9032.00,0.9681
11-9031.00,11-9033.00,0.9785
11-9031.00,11-9071.00,0.978
11-9031.00,11-9072.00,0.9831
11-9031.00,11-9081.00,0.969
11-9031.00,11-9131.00,0.9594
11-9031.00,11-9151.00,0.9506
11-9031.00,11-9161.00,0.9628
11-9031.00,11-9171.00,0.9616
11-9031.00,11-9179.01,0.9614
11-9031.00,11-9179.02,0.9598
11-9031.00,11-9199.10,0.9592
11-9031.00,21-2011.00,0.9584
11-9031.00,25-9031.00,0.9656
11-9031.00,33-1012.00,0.95
11-9031.00,41-1011.00,0.9554
11-9031.00,41-1012.00,0.9712
11-9031.00,43-1011.00,0.9653
11-9032.00,11-9033.00,0.9585
11-9032.00,11-9071.00,0.9607
11-9032.00,11-9072.00,0.9644
11-9032.00,11-9161.00,0.9659
11-9032.00,11-9179.01,0.9537
11-9032.00,11-9199.10,0.951
11-9032.00,13-1081.00,0.9524
11-9032.00,25-4012.00,0.9739
11-9032.00,25-9031.00,0.9596
11-9032.00,41-1012.00,0.9589
11-9032.00,43-1011.00,0.9596
11-9033.00,11-9071.00,0.9587
11-9033.00,11-9072.00,0.9666
11-9033.00,13-1041.08,0.965
11-9033.00,21-2011.00,0.9669
11-9033.00,25-2022.00,0.9535
11-9033.00,25-9031.00,0.9676
11-9033.00,41-1012.00,0.9643
11-9033.00,41-3031.00,0.9502
11-9041.00,17-2081.00,0.9502
11-9041.00,25-4012.00,0.9532
11-9041.00,29-1051.00,0.9634
11-9041.01,19-1012.00,0.9545
11-9051.00,35-1011.00,0.9745
11-9051.00,35-1012.00,0.9538
11-9071.00,11-9072.00,0.9661
11-9071.00,11-9081.00,0.9632
11-9071.00,11-9131.00,0.9591
11-9071.00,11-9151.00,0.9558
11-9071.00,11-9161.00,0.9641
11-9071.00,11-9171.00,0.9562
11-9071.00,11-9179.02,0.9643
11-9071.00,11-9199.08,0.9577
11-9071.00,11-9199.10,0.9559
11-9071.00,39-1022.00,0.9589
11-9071.00,41-1011.00,0.9591
11-9071.00,41-1012.00,0.9741
11-9071.00,43-1011.00,0.9763
11-9071.00,53-1042.01,0.9506
11-9072.00,11-9081.00,0.9748
11-9072.00,11-9131.00,0.958
11-9072.00,11-9161.00,0.9644
11-9072.00,11-9171.00,0.9643
11-9072.00,11-9179.01,0.9658
11-9072.00,11-9179.02,0.9618
11-9072.00,11-9199.08,0.9519
11-9072.00,11-9199.10,0.9565
11-9072.00,13-1121.00,0.953
11-9072.00,21-1094.00,0.9568
11-9072.00,21-2011.00,0.9647
11-9072.00,21-2021.00,0.9541
11-9072.00,25-9031.00,0.9561
11-9072.00,27-2012.00,0.9504
11-9072.00,33-1012.00,0.9578
11-9072.00,39-1022.00,0.957
11-9072.00,41-1011.00,0.9572
11-9072.00,41-1012.00,0.962
11-9072.00,43-1011.00,0.9649
11-9081.00,11-9171.00,0.9651
11-9081.00,11-9179.01,0.9527
11-9081.00,11-9179.02,0.9714
11-9081.00,11-9199.08,0.9605
11-9081.00,21-1094.00,0.9549
11-9081.00,33-1012.00,0.9624
11-9081.00,35-3011.00,0.9611
11-9081.00,39-1022.00,0.9622
11-9081.00,41-1011.00,0.9524
11-9081.00,41-1012.00,0.9664
11-9081.00,43-1011.00,0.9641
11-9081.00,53-1042.01,0.9505
11-9111.00,11-9151.00,0.9506
11-9111.00,11-9161.00,0.9579
11-9111.00,13-1081.00,0.969
11-9111.00,15-1299.09,0.9532
11-9111.00,27-1011.00,0.9532
11-9111.00,27-1022.00,0.9536
11-9121.00,19-2041.00,0.9543
11-9121.00,19-2041.02,0.9513
11-9121.01,19-3039.03,0.9539
11-9121.01,19-3091.00,0.9565
11-9121.01,29-1051.00,0.9598
11-9121.01,29-1141.02,0.9559
11-9121.01,29-1217.00,0.9553
11-9121.01,29-1299.01,0.9518
11-9121.02,17-2051.02,0.9528
11-9121.02,17-2081.00,0.9595
11-9121.02,17-2111.00,0.955
11-9121.02,19-1011.00,0.9548
11-9121.02,19-2041.02,0.951
11-9121.02,19-5012.00,0.9556
11-9121.02,29-2036.00,0.9524
11-9121.02,47-4011.00,0.9615
11-9131.00,11-9179.02,0.9503
11-9131.00,27-2012.00,0.9538
11-9131.00,33-1011.00,0.9564
11-9131.00,39-1022.00,0.9603
11-9131.00,39-9041.00,0.9554
11-9131.00,41-1011.00,0.9563
11-9131.00,41-1012.00,0.9577
11-9131.00,43-1011.00,0.97
11-9141.00,11-9199.10,0.9629
11-9141.00,43-3061.00,0.9511
11-9151.00,11-9161.00,0.9792
11-9151.00,11-9199.08,0.9511
11-9151.00,25-9021.00,0.9584
11-9161.00,11-9199.08,0.9543
11-9161.00,13-1081.00,0.9669
11-9161.00,13-1111.00,0.9543
11-9161.00,13-1151.00,0.9615
11-9161.00,21-2021.00,0.9576
11-9161.00,25-2058.00,0.9525
11-9161.00,25-9021.00,0.9592
11-9161.00,25-9031.00,0.9643
11-9161.00,27-1011.00,0.9556
11-9161.00,27-1022.00,0.951
11-9161.00,29-1125.00,0.9522
11-9161.00,29-1141.04,0.9518
11-9161.00,41-1011.00,0.9576
11-9161.00,43-1011.00,0.9527
11-9171.00,11-9179.02,0.9574
11-9171.00,35-3011.00,0.9618
11-9171.00,39-1022.00,0.9551
11-9179.01,39-9032.00,0.9555
11-9179.02,35-1012.00,0.9516
11-9179.02,39-1022.00,0.9565
11-9179.02,41-1011.00,0.9506
11-9179.02,41-1012.00,0.9579
11-9179.02,43-1011.00,0.9505
11-9179.02,53-1042.01,0.9648
11-9199.01,13-1041.07,0.9764
11-9199.01,13-1111.00,0.9708
11-9199.01,13-1141.00,0.9633
11-9199.01,13-1161.00,0.9625
11-9199.01,13-1199.05,0.9602
11-9199.01,13-2053.00,0.9504
11-9199.01,15-1299.03,0.9504
11-9199.01,19-2041.01,0.9723
11-9199.01,19-3032.00,0.9572
11-9199.01,19-3051.00,0.9689
11-9199.01,19-3092.00,0.9519
11-9199.01,19-3099.01,0.9643
11-9199.01,27-3031.00,0.9509
11-9199.01,33-3021.06,0.9533
11-9199.02,11-9199.08,0.952
11-9199.02,13-1041.00,0.9636
11-9199.02,13-1041.03,0.9637
11-9199.02,13-1071.00,0.9621
11-9199.02,13-1075.00,0.9573
11-9199.02,13-1199.05,0.9524
11-9199.02,19-3033.00,0.9506
11-9199.02,19-3034.00,0.9547
11-9199.02,21-1011.00,0.977
11-9199.02,21-1012.00,0.965
11-9199.02,21-1093.00,0.9573
11-9199.02,21-1094.00,0.9663
11-9199.02,23-1011.00,0.9509
11-9199.02,25-2031.00,0.9603
11-9199.02,25-2051.00,0.9621
11-9199.02,25-2059.01,0.9566
11-9199.02,25-9031.00,0.9592
11-9199.02,27-2041.00,0.9587
11-9199.02,27-2042.00,0.9531
11-9199.02,27-3031.00,0.9504
11-9199.02,33-1011.00,0.9547
11-9199.02,43-4161.00,0.9514
11-9199.02,43-9041.00,0.9501
11-9199.08,13-1041.00,0.9535
11-9199.08,21-1094.00,0.9601
11-9199.08,27-2022.00,0.9514
11-9199.08,33-1012.00,0.9562
11-9199.08,33-9099.02,0.9573
11-9199.08,39-1022.00,0.9615
11-9199.08,43-1011.00,0.9599
11-9199.08,53-1042.01,0.9522
11-9199.10,13-1021.00,0.9739
11-9199.10,15-1299.09,0.9562
11-9199.10,25-4012.00,0.9604
11-9199.10,27-2012.00,0.9606
11-9199.10,41-1012.00,0.9594
11-9199.11,17-1011.00,0.9551
11-9199.11,17-2081.00,0.9655
11-9199.11,19-2041.02,0.9577
13-1011.00,13-1075.00,0.9734
13-1011.00,23-1011.00,0.9677
13-1011.00,23-1022.00,0.9602
13-1011.00,27-2012.04,0.9568
13-1011.00,27-3031.00,0.9621
13-1011.00,29-2099.08,0.9509
13-1011.00,41-4012.00,0.9589
13-1021.00,13-1022.00,0.9538
13-1022.00,13-1023.00,0.9571
13-1031.00,13-1041.00,0.9518
13-1031.00,13-1199.05,0.9507
13-1031.00,13-2011.00,0.9725
13-1031.00,13-2022.00,0.969
13-1031.00,13-2023.00,0.961
13-1031.00,13-2081.00,0.9556
13-1031.00,41-9021.00,0.9523
13-1031.00,43-4131.00,0.9542
13-1031.00,43-6011.00,0.9508
13-1041.00,13-1071.00,0.9634
13-1041.00,13-1075.00,0.9519
13-1041.00,13-2023.00,0.9622
13-1041.00,21-1011.00,0.9578
13-1041.00,21-1092.00,0.9603
13-1041.00,21-1094.00,0.9721
13-1041.00,27-3023.00,0.9688
13-1041.00,33-1091.00,0.9583
13-1041.00,33-3021.00,0.953
13-1041.00,33-3051.00,0.9584
13-1041.00,33-3051.04,0.9676
13-1041.00,33-9011.00,0.9582
13-1041.00,33-9021.00,0.952
13-1041.00,33-9099.02,0.9527
13-1041.00,41-9021.00,0.9518
13-1041.00,43-4031.00,0.9535
13-1041.00,43-4161.00,0.956
13-1041.00,43-9041.00,0.9615
13-1041.00,43-9061.00,0.9632
13-1041.01,17-2112.02,0.9624
13-1041.01,19-1012.00,0.9573
13-1041.01,19-5012.00,0.9639
13-1041.01,47-4011.01,0.9517
13-1041.03,13-1041.07,0.9609
13-1041.03,13-1075.00,0.9533
13-1041.03,13-1111.00,0.9537
13-1041.03,13-1141.00,0.9506
13-1041.03,13-1161.00,0.954
13-1041.03,13-1199.05,0.9562
13-1041.03,13-2053.00,0.9579
13-1041.03,13-2071.00,0.9615
13-1041.03,19-3033.00,0.9703
13-1041.03,19-3034.00,0.9778
13-1041.03,19-3039.03,0.9608
13-1041.03,19-3094.00,0.9569
13-1041.03,21-1011.00,0.9623
13-1041.03,21-1012.00,0.9606
13-1041.03,21-1013.00,0.9547
13-1041.03,21-1014.00,0.958
13-1041.03,21-1092.00,0.9504
13-1041.03,23-1011.00,0.9568
13-1041.03,23-1012.00,0.9553
13-1041.03,23-1021.00,0.975
13-1041.03,23-1023.00,0.9627
13-1041.03,23-2011.00,0.9506
13-1041.03,25-2051.00,0.9646
13-1041.03,27-3031.00,0.9533
13-1041.03,29-1129.01,0.9618
13-1041.03,31-9099.01,0.9542
13-1041.03,33-3021.06,0.9748
13-1041.03,33-9021.00,0.9644
13-1041.03,43-4131.00,0.9572
13-1041.03,43-4161.00,0.9578
13-1041.04,13-2023.00,0.9539
13-1041.04,17-2111.00,0.9678
13-1041.04,19-5012.00,0.9659
13-1041.04,33-2021.00,0.9597
13-1041.04,33-9099.02,0.9564
13-1041.04,47-4011.00,0.9558
13-1041.04,53-6051.00,0.9559
13-1041.06,29-1141.00,0.9521
13-1041.06,29-1141.01,0.9523
13-1041.06,29-1161.00,0.9555
13-1041.06,29-1214.00,0.955
13-1041.06,29-1218.00,0.9575
13-1041.06,29-1229.04,0.9565
13-1041.06,29-1241.00,0.9612
13-1041.06,29-1299.01,0.9503
13-1041.06,31-9092.00,0.9578
13-1041.07,13-1081.00,0.9568
13-1041.07,13-1081.02,0.9598
13-1041.07,13-1111.00,0.9738
13-1041.07,13-1141.00,0.9621
13-1041.07,13-1161.00,0.9653
13-1041.07,13-1161.01,0.9548
13-1041.07,13-1199.04,0.9691
13-1041.07,13-1199.05,0.9698
13-1041.07,13-2053.00,0.959
13-1041.07,13-2061.00,0.9573
13-1041.07,15-1299.03,0.9612
13-1041.07,19-2041.01,0.953
13-1041.07,19-3051.00,0.9716
13-1041.07,19-3099.01,0.9523
13-1041.07,23-1011.00,0.9552
13-1041.07,23-1021.00,0.9519
13-1041.07,25-4011.00,0.9562
13-1041.07,25-4012.00,0.9586
13-1041.07,27-1011.00,0.9526
13-1041.07,27-1024.00,0.9512
13-1041.07,27-3031.00,0.953
13-1041.08,13-1071.00,0.9571
13-1041.08,13-1075.00,0.9503
13-1041.08,13-1141.00,0.9513
13-1041.08,13-2011.00,0.9736
13-1041.08,13-2053.00,0.977
13-1041.08,13-2072.00,0.9656
13-1041.08,13-2099.04,0.9695
13-1041.08,25-4022.00,0.9541
13-1041.08,25-9031.00,0.9526
13-1041.08,41-3031.00,0.9526
13-1041.08,43-3061.00,0.9531
13-1041.08,43-4011.00,0.965
13-1041.08,43-4041.00,0.9501
13-1051.00,13-2031.00,0.9718
13-1051.00,13-2052.00,0.9619
13-1071.00,13-1075.00,0.9613
13-1071.00,13-2011.00,0.9539
13-1071.00,13-2053.00,0.9559
13-1071.00,13-2072.00,0.953
13-1071.00,13-2099.04,0.9549
13-1071.00,19-3033.00,0.9527
13-1071.00,19-3039.03,0.951
13-1071.00,21-1011.00,0.9599
13-1071.00,21-1012.00,0.9648
13-1071.00,21-1094.00,0.9654
13-1071.00,23-1011.00,0.9538
13-1071.00,23-1012.00,0.9504
13-1071.00,23-1021.00,0.9592
13-1071.00,25-2051.00,0.9531
13-1071.00,25-3031.00,0.9503
13-1071.00,25-4022.00,0.9601
13-1071.00,25-9031.00,0.9503
13-1071.00,27-2012.04,0.9552
13-1071.00,27-3023.00,0.9635
13-1071.00,27-3043.00,0.9539
13-1071.00,27-3091.00,0.9577
13-1071.00,43-4021.00,0.9571
13-1071.00,43-4031.00,0.959
13-1071.00,43-4041.00,0.9615
13-1071.00,43-4061.00,0.9505
13-1071.00,43-4111.00,0.9522
13-1071.00,43-4161.00,0.9657
13-1071.00,43-6011.00,0.9694
13-1075.00,13-1131.00,0.9715
13-1075.00,13-2053.00,0.9609
13-1075.00,13-2071.00,0.9626
13-1075.00,13-2099.04,0.9601
13-1075.00,19-3034.00,0.9528
13-1075.00,21-1011.00,0.9572
13-1075.00,21-1012.00,0.9653
13-1075.00,21-1094.00,0.9525
13-1075.00,21-2011.00,0.9579
13-1075.00,23-1011.00,0.9836
13-1075.00,23-1021.00,0.9629
13-1075.00,23-1022.00,0.9691
13-1075.00,27-2012.04,0.9639
13-1075.00,27-2041.00,0.9633
13-1075.00,27-3031.00,0.9644
13-1075.00,41-4011.07,0.9504
13-1075.00,41-4012.00,0.9634
13-1075.00,41-9022.00,0.9504
13-1075.00,43-4061.00,0.9503
13-1075.00,43-4111.00,0.954
13-1075.00,43-4161.00,0.9548
13-1075.00,43-9041.00,0.9531
13-1081.00,13-1081.02,0.9535
13-1081.00,13-1111.00,0.9679
13-1081.00,13-1141.00,0.9511
13-1081.00,13-1199.04,0.9635
13-1081.00,15-1299.09,0.959
13-1081.00,25-4012.00,0.9607
13-1081.00,27-1011.00,0.9693
13-1081.00,27-2041.00,0.9503
13-1081.00,41-1011.00,0.9515
13-1081.02,13-1111.00,0.9537
13-1081.02,13-1199.04,0.9622
13-1081.02,15-1299.03,0.9519
13-1081.02,15-1299.09,0.952
13-1081.02,25-4012.00,0.963
13-1111.00,13-1141.00,0.9638
13-1111.00,13-1161.00,0.9585
13-1111.00,13-1199.04,0.967
13-1111.00,13-1199.05,0.961
13-1111.00,13-2052.00,0.9502
13-1111.00,13-2053.00,0.9576
13-1111.00,13-2061.00,0.9637
13-1111.00,15-1299.03,0.9517
13-1111.00,19-3051.00,0.9677
13-1111.00,19-3099.01,0.9595
13-1111.00,27-2041.00,0.9577
13-1111.00,27-3031.00,0.9566
13-1121.00,27-1025.00,0.9529
13-1131.00,13-2011.00,0.9506
13-1131.00,13-2052.00,0.9524
13-1131.00,13-2053.00,0.9534
13-1131.00,41-3031.00,0.9537
13-1131.00,41-4011.00,0.9549
13-1131.00,41-4012.00,0.9505
13-1131.00,41-9022.00,0.9524
13-1141.00,13-1161.00,0.972
13-1141.00,13-1199.05,0.9641
13-1141.00,13-2011.00,0.9575
13-1141.00,13-2052.00,0.96
13-1141.00,13-2053.00,0.9708
13-1141.00,13-2061.00,0.9649
13-1141.00,13-2071.00,0.9568
13-1141.00,13-2081.00,0.9502
13-1141.00,19-2041.01,0.9717
13-1141.00,19-3011.00,0.958
13-1141.00,19-3022.00,0.9513
13-1141.00,19-3051.00,0.9644
13-1141.00,19-3094.00,0.9542
13-1141.00,19-3099.01,0.9612
13-1141.00,23-1011.00,0.9504
13-1141.00,25-1011.00,0.953
13-1141.00,27-2041.00,0.9501
13-1141.00,33-3021.06,0.9655
13-1141.00,43-4011.00,0.9526
13-1151.00,21-1091.00,0.9646
13-1151.00,21-2021.00,0.9673
13-1151.00,25-1011.00,0.9513
13-1151.00,25-1031.00,0.9696
13-1151.00,25-1062.00,0.9501
13-1151.00,25-1067.00,0.9525
13-1151.00,25-1081.00,0.9597
13-1151.00,25-1082.00,0.9528
13-1151.00,25-1111.00,0.9601
13-1151.00,25-1113.00,0.9627
13-1151.00,25-1121.00,0.9673
13-1151.00,25-1122.00,0.9638
13-1151.00,25-1124.00,0.9572
13-1151.00,25-1125.00,0.9666
13-1151.00,25-1126.00,0.956
13-1151.00,25-1192.00,0.9532
13-1151.00,25-1193.00,0.9586
13-1151.00,25-2021.00,0.9606
13-1151.00,25-2022.00,0.9512
13-1151.00,25-2023.00,0.9613
13-1151.00,25-2031.00,0.9669
13-1151.00,25-2051.00,0.9508
13-1151.00,25-2058.00,0.9676
13-1151.00,25-2059.01,0.9579
13-1151.00,25-9031.00,0.9707
13-1151.00,27-2022.00,0.9553
13-1151.00,27-2032.00,0.9755
13-1151.00,29-1122.00,0.9634
13-1151.00,29-1125.00,0.9558
13-1161.00,13-1199.05,0.9652
13-1161.00,13-2053.00,0.9581
13-1161.00,13-2061.00,0.9573
13-1161.00,15-2011.00,0.9509
13-1161.00,15-2051.01,0.9572
13-1161.00,19-2021.00,0.9513
13-1161.00,19-2041.01,0.9655
13-1161.00,19-2041.03,0.956
13-1161.00,19-3011.00,0.977
13-1161.00,19-3022.00,0.9771
13-1161.00,19-3032.00,0.9645
13-1161.00,19-3041.00,0.95
13-1161.00,19-3051.00,0.9561
13-1161.00,19-3092.00,0.9634
13-1161.00,19-3094.00,0.9588
13-1161.00,19-3099.01,0.9763
13-1161.00,25-1031.00,0.9511
13-1161.00,25-1063.00,0.9501
13-1161.00,33-3021.06,0.9657
13-1161.01,13-1199.04,0.9607
13-1161.01,13-2011.00,0.9538
13-1161.01,15-1211.01,0.9532
13-1161.01,15-1299.03,0.9752
13-1161.01,15-2051.01,0.9543
13-1161.01,27-1024.00,0.9516
13-1199.04,13-1199.07,0.96
13-1199.04,13-2061.00,0.9662
13-1199.04,15-1299.03,0.9584
13-1199.04,25-4012.00,0.956
13-1199.04,27-1011.00,0.9548
13-1199.04,27-2041.00,0.9563
13-1199.05,13-2011.00,0.95
13-1199.05,13-2053.00,0.9634
13-1199.05,13-2061.00,0.9548
13-1199.05,17-1021.00,0.9501
13-1199.05,17-2081.00,0.954
13-1199.05,17-2111.00,0.9514
13-1199.05,19-2041.01,0.955
13-1199.05,19-3034.00,0.951
13-1199.05,19-3039.02,0.9589
13-1199.05,19-3091.00,0.9554
13-1199.05,21-1011.00,0.9503
13-1199.05,23-1021.00,0.951
13-1199.05,25-1031.00,0.9516
13-1199.05,25-1072.00,0.9539
13-1199.05,25-1193.00,0.9529
13-1199.05,25-4011.00,0.9676
13-1199.05,25-4012.00,0.9567
13-1199.05,29-1217.00,0.9535
13-1199.05,29-1229.05,0.9548
13-1199.05,29-1299.01,0.9584
13-1199.05,33-3021.06,0.9621
13-1199.06,41-3031.00,0.9513
13-1199.07,27-1011.00,0.9517
13-1199.07,27-1026.00,0.9503
13-2011.00,13-2022.00,0.9598
13-2011.00,13-2023.00,0.9554
13-2011.00,13-2052.00,0.9566
13-2011.00,13-2053.00,0.9753
13-2011.00,13-2061.00,0.9527
13-2011.00,13-2071.00,0.9575
13-2011.00,13-2072.00,0.9756
13-2011.00,13-2081.00,0.976
13-2011.00,13-2082.00,0.9606
13-2011.00,13-2099.04,0.9686
13-2011.00,15-2051.01,0.9618
13-2011.00,41-3031.00,0.9612
13-2011.00,43-3031.00,0.9608
13-2011.00,43-3061.00,0.9644
13-2011.00,43-4011.00,0.9651
13-2011.00,43-4021.00,0.9595
13-2011.00,43-4031.00,0.9531
13-2011.00,43-4041.00,0.9627
13-2011.00,43-4131.00,0.9609
13-2011.00,43-4141.00,0.9501
13-2011.00,43-4161.00,0.9502
13-2011.00,43-5011.01,0.9501
13-2011.00,43-6011.00,0.965
13-2011.00,43-9041.00,0.9572
13-2022.00,13-2023.00,0.972
13-2022.00,13-2053.00,0.9546
13-2022.00,13-2081.00,0.9649
13-2022.00,13-2082.00,0.9505
13-2022.00,17-1021.00,0.9524
13-2022.00,23-2093.00,0.9541
13-2022.00,41-9021.00,0.9615
13-2022.00,43-4021.00,0.9636
13-2022.00,43-4131.00,0.9561
13-2022.00,43-4151.00,0.9527
13-2022.00,43-6011.00,0.953
13-2022.00,43-9041.00,0.9525
13-2023.00,13-2081.00,0.9674
13-2023.00,27-3023.00,0.9513
13-2023.00,33-9021.00,0.9661
13-2023.00,41-9021.00,0.9531
13-2023.00,43-4021.00,0.956
13-2023.00,43-4131.00,0.9602
13-2023.00,43-4151.00,0.9595
13-2023.00,43-9041.00,0.9544
13-2031.00,13-2099.01,0.9633
13-2031.00,15-2011.00,0.9523
13-2031.00,41-3031.00,0.9502
13-2041.00,15-2051.01,0.9514
13-2052.00,13-2053.00,0.9638
13-2052.00,13-2071.00,0.9551
13-2052.00,41-3031.00,0.9636
13-2052.00,43-4131.00,0.9538
13-2053.00,13-2071.00,0.9623
13-2053.00,13-2072.00,0.9767
13-2053.00,13-2081.00,0.9608
13-2053.00,13-2082.00,0.9527
13-2053.00,13-2099.04,0.9727
13-2053.00,15-2051.01,0.9527
13-2053.00,19-2041.01,0.9565
13-2053.00,19-3011.00,0.9512
13-2053.00,19-3033.00,0.9507
13-2053.00,19-3039.03,0.9575
13-2053.00,23-1011.00,0.9597
13-2053.00,23-1021.00,0.9665
13-2053.00,23-1023.00,0.9504
13-2053.00,23-2093.00,0.9573
13-2053.00,33-3021.06,0.972
13-2053.00,41-3031.00,0.955
13-2053.00,43-3031.00,0.9514
13-2053.00,43-3061.00,0.958
13-2053.00,43-4011.00,0.9595
13-2053.00,43-4021.00,0.963
13-2053.00,43-4041.00,0.9502
13-2053.00,43-4131.00,0.9628
13-2053.00,43-4161.00,0.9564
13-2053.00,43-6011.00,0.9536
13-2061.00,19-3011.00,0.9503
13-2071.00,13-2081.00,0.9562
13-2071.00,13-2082.00,0.9574
13-2071.00,19-3034.00,0.9608
13-2071.00,21-1012.00,0.9536
13-2071.00,33-3021.06,0.9627
13-2071.00,41-3021.00,0.9654
13-2071.00,41-4011.07,0.9539
13-2071.00,43-4021.00,0.951
13-2071.00,43-4051.00,0.9504
13-2071.00,43-4131.00,0.9634
13-2072.00,13-2081.00,0.9722
13-2072.00,13-2082.00,0.9609
13-2072.00,13-2099.04,0.9675
13-2072.00,43-3061.00,0.9659
13-2072.00,43-4011.00,0.9592
13-2072.00,43-4021.00,0.9571
13-2072.00,43-4041.00,0.9554
13-2072.00,43-4131.00,0.9688
13-2081.00,13-2082.00,0.9763
13-2081.00,15-2051.01,0.956
13-2081.00,23-2093.00,0.9503
13-2081.00,33-3021.06,0.9512
13-2081.00,41-9021.00,0.9568
13-2081.00,43-3061.00,0.9524
13-2081.00,43-4011.00,0.9585
13-2081.00,43-4021.00,0.9575
13-2081.00,43-4041.00,0.9523
13-2081.00,43-4131.00,0.9736
13-2081.00,43-4141.00,0.9614
13-2081.00,43-4151.00,0.9609
13-2081.00,43-4161.00,0.9509
13-2081.00,43-6011.00,0.9603
13-2082.00,23-2093.00,0.9545
13-2082.00,43-3051.00,0.9515
13-2082.00,43-3061.00,0.9502
13-2082.00,43-4021.00,0.9569
13-2082.00,43-4041.00,0.9597
13-2082.00,43-4131.00,0.9659
13-2082.00,43-4141.00,0.9507
13-2082.00,43-6011.00,0.9548
13-2099.01,15-2011.00,0.9597
13-2099.01,15-2051.01,0.9611
13-2099.01,19-3011.00,0.9528
13-2099.01,19-3011.01,0.9565
13-2099.04,23-1011.00,0.9513
13-2099.04,23-1021.00,0.9579
13-2099.04,27-3023.00,0.9521
13-2099.04,43-3061.00,0.9522
13-2099.04,43-4021.00,0.9588
13-2099.04,43-4041.00,0.955
13-2099.04,43-4161.00,0.9506
15-1211.01,17-3011.00,0.9514
15-1211.01,17-3012.00,0.9517
15-1243.00,15-1243.01,0.9571
15-1299.09,25-4012.00,0.9566
15-2011.00,19-3011.00,0.9509
15-2011.00,19-3099.01,0.9542
15-2021.00,15-2041.00,0.9757
15-2021.00,15-2041.01,0.968
15-2031.00,15-2041.00,0.9616
15-2031.00,15-2041.01,0.956
15-2041.00,15-2041.01,0.9801
15-2041.01,19-2012.00,0.9552
15-2051.01,17-1021.00,0.9553
15-2051.01,19-3011.00,0.9702
15-2051.01,19-3022.00,0.962
15-2051.01,33-3021.06,0.9581
17-1011.00,17-1012.00,0.9615
17-1021.00,33-3021.06,0.9505
17-2011.00,17-2112.01,0.9572
17-2051.02,17-2112.01,0.9555
17-2051.02,17-2141.02,0.9627
17-2051.02,17-2199.03,0.9602
17-2051.02,17-2199.10,0.9633
17-2051.02,19-2099.01,0.9509
17-2081.00,17-2171.00,0.9531
17-2081.00,17-2199.03,0.9554
17-2081.00,19-1011.00,0.9742
17-2081.00,19-1012.00,0.9509
17-2081.00,19-1013.00,0.9544
17-2081.00,19-1023.00,0.9721
17-2081.00,19-1029.03,0.9501
17-2081.00,19-1031.00,0.9648
17-2081.00,19-1031.02,0.9551
17-2081.00,19-1042.00,0.9519
17-2081.00,19-2041.00,0.972
17-2081.00,19-2041.02,0.9723
17-2081.00,29-1051.00,0.9567
17-2081.00,29-1218.00,0.9571
17-2081.00,29-2036.00,0.9588
17-2111.00,19-5012.00,0.9678
17-2111.00,29-1229.06,0.9627
17-2111.00,47-4011.00,0.9624
17-2112.01,17-2141.02,0.953
17-2112.01,19-1029.01,0.9563
17-2112.02,17-2199.06,0.9503
17-2112.02,19-1011.00,0.9542
17-2112.02,19-1013.00,0.9555
17-2112.02,19-2032.00,0.9585
17-2112.02,19-2041.00,0.9548
17-2131.00,19-2032.00,0.9586
17-2141.02,17-2199.10,0.9606
17-2141.02,19-2099.01,0.9523
17-2151.00,19-2041.02,0.9512
17-2171.00,19-2041.02,0.952
17-2199.03,17-2199.10,0.972
17-2199.03,17-3022.00,0.956
17-2199.03,19-1011.00,0.9736
17-2199.03,19-1013.00,0.9634
17-2199.03,19-1031.00,0.952
17-2199.03,19-1042.00,0.9617
17-2199.03,19-2032.00,0.9544
17-2199.03,19-2041.02,0.9743
17-2199.03,19-2099.01,0.9535
17-2199.06,19-1011.00,0.9514
17-2199.06,19-1012.00,0.9504
17-2199.06,19-1013.00,0.9507
17-2199.10,17-3022.00,0.9506
17-2199.10,19-2041.02,0.9578
17-2199.10,19-2099.01,0.9515
17-2199.11,19-2032.00,0.9511
19-1011.00,19-1012.00,0.9641
19-1011.00,19-1013.00,0.9802
19-1011.00,19-1022.00,0.9532
19-1011.00,19-1023.00,0.9634
19-1011.00,19-1029.01,0.9668
19-1011.00,19-1029.03,0.9716
19-1011.00,19-1031.00,0.9648
19-1011.00,19-1042.00,0.9807
19-1011.00,19-2021.00,0.96
19-1011.00,19-2032.00,0.9659
19-1011.00,19-2041.00,0.974
19-1011.00,19-2041.02,0.9751
19-1011.00,19-2041.03,0.9631
19-1011.00,19-2042.00,0.959
19-1011.00,29-1131.00,0.9539
19-1011.00,29-1216.00,0.9553
19-1011.00,29-1222.00,0.9582
19-1011.00,29-2036.00,0.9639
19-1012.00,19-1013.00,0.9648
19-1012.00,19-1042.00,0.9538
19-1012.00,19-2032.00,0.9517
19-1013.00,19-1022.00,0.959
19-1013.00,19-1029.03,0.9518
19-1013.00,19-1042.00,0.9715
19-1013.00,19-2032.00,0.9756
19-1013.00,19-2041.00,0.9608
19-1013.00,19-2041.02,0.9583
19-1013.00,19-2042.00,0.9517
19-1013.00,19-2099.01,0.9525
19-1022.00,19-1029.02,0.9724
19-1022.00,19-1042.00,0.9557
19-1022.00,19-2032.00,0.9514
19-1022.00,19-2041.00,0.9513
19-1023.00,19-1029.01,0.957
19-1023.00,19-1029.03,0.9523
19-1023.00,19-1031.00,0.9734
19-1023.00,19-2041.00,0.9693
19-1023.00,19-2041.02,0.9617
19-1023.00,29-1011.00,0.9584
19-1023.00,29-1041.00,0.9572
19-1023.00,29-1217.00,0.9566
19-1023.00,29-1218.00,0.9606
19-1023.00,29-1222.00,0.9589
19-1023.00,29-1229.03,0.9581
19-1023.00,29-2036.00,0.9594
19-1029.01,19-1029.03,0.9574
19-1029.01,19-1031.00,0.9583
19-1029.01,19-1042.00,0.9605
19-1029.01,19-2021.00,0.9705
19-1029.01,19-2041.00,0.9588
19-1029.01,19-2041.02,0.9521
19-1029.01,19-2041.03,0.9697
19-1029.01,19-2042.00,0.9597
19-1029.01,19-3039.02,0.9601
19-1029.01,19-3092.00,0.9589
19-1029.01,19-4061.00,0.9626
19-1029.01,25-1052.00,0.9501
19-1029.01,29-1071.00,0.9541
19-1029.01,29-1131.00,0.9539
19-1029.01,29-1217.00,0.9562
19-1029.01,29-1222.00,0.9542
19-1029.01,29-2036.00,0.9707
19-1029.03,19-1042.00,0.9658
19-1029.03,19-2041.00,0.9602
19-1029.03,19-3039.02,0.9523
19-1029.03,25-1032.00,0.9508
19-1029.03,25-1052.00,0.9608
19-1029.03,25-1053.00,0.9526
19-1029.03,29-1222.00,0.9519
19-1029.03,29-2036.00,0.962
19-1029.04,19-4061.00,0.9587
19-1031.00,19-2041.00,0.9738
19-1031.00,19-2041.02,0.9687
19-1031.00,29-1011.00,0.9659
19-1031.00,29-1041.00,0.9733
19-1031.00,29-1051.00,0.9583
19-1031.00,29-1071.00,0.9501
19-1031.00,29-1131.00,0.9604
19-1031.00,29-1171.00,0.9522
19-1031.00,29-1217.00,0.9533
19-1031.00,29-1218.00,0.9554
19-1031.00,29-1222.00,0.9571
19-1031.00,29-1229.04,0.9513
19-1031.00,29-2036.00,0.966
19-1031.02,53-6041.00,0.9592
19-1031.03,21-1011.00,0.9529
19-1031.03,21-1091.00,0.9538
19-1031.03,29-1122.00,0.96
19-1031.03,29-1123.00,0.967
19-1031.03,29-1125.00,0.9573
19-1031.03,29-1141.04,0.9557
19-1041.00,19-2021.00,0.9672
19-1041.00,19-2041.03,0.9717
19-1041.00,19-2042.00,0.9507
19-1041.00,19-3032.00,0.9698
19-1041.00,19-3041.00,0.9588
19-1041.00,19-3051.00,0.9529
19-1041.00,19-3092.00,0.9707
19-1041.00,25-1066.00,0.9507
19-1041.00,29-1216.00,0.951
19-1041.00,29-1223.00,0.9505
19-1041.00,29-1229.05,0.9685
19-1042.00,19-2021.00,0.9683
19-1042.00,19-2032.00,0.9591
19-1042.00,19-2041.00,0.9544
19-1042.00,19-2041.02,0.9567
19-1042.00,19-2041.03,0.9521
19-1042.00,19-2042.00,0.972
19-1042.00,19-2099.01,0.9569
19-1042.00,19-3092.00,0.9545
19-1042.00,29-1131.00,0.9564
19-1042.00,29-2036.00,0.9545
19-2011.00,19-2021.00,0.9706
19-2011.00,19-2042.00,0.9535
19-2011.00,25-1051.00,0.9504
19-2012.00,19-2099.01,0.956
19-2021.00,19-2041.00,0.9513
19-2021.00,19-2041.03,0.9781
19-2021.00,19-2042.00,0.9663
19-2021.00,19-3022.00,0.9592
19-2021.00,19-3032.00,0.9563
19-2021.00,19-3039.02,0.9535
19-2021.00,19-3041.00,0.9557
19-2021.00,19-3092.00,0.9803
19-2021.00,25-1051.00,0.9677
19-2021.00,25-1052.00,0.9501
19-2021.00,25-1053.00,0.9536
19-2021.00,25-1066.00,0.9504
19-2021.00,29-1131.00,0.9559
19-2021.00,29-1216.00,0.9535
19-2021.00,29-1299.02,0.9561
19-2032.00,19-2041.00,0.9562
19-2032.00,19-2042.00,0.9524
19-2041.00,19-2041.02,0.9538
19-2041.00,29-1041.00,0.9618
19-2041.00,29-1051.00,0.9515
19-2041.00,29-1131.00,0.9525
19-2041.00,29-1218.00,0.952
19-2041.00,29-1222.00,0.9582
19-2041.00,29-2036.00,0.9629
19-2041.01,19-2041.03,0.9568
19-2041.01,19-3032.00,0.9512
19-2041.01,19-3041.00,0.9547
19-2041.01,19-3051.00,0.953
19-2041.01,19-3091.00,0.9553
19-2041.01,19-3092.00,0.9668
19-2041.01,19-3094.00,0.9559
19-2041.01,19-3099.01,0.9566
19-2041.01,25-1064.00,0.9521
19-2041.01,29-9092.00,0.9541
19-2041.01,33-3021.06,0.9721
19-2041.02,19-2041.03,0.956
19-2041.03,19-2042.00,0.9531
19-2041.03,19-3022.00,0.9677
19-2041.03,19-3032.00,0.9661
19-2041.03,19-3039.02,0.9509
19-2041.03,19-3092.00,0.9755
19-2041.03,25-1051.00,0.9533
19-2042.00,19-2099.01,0.9564
19-2042.00,19-3092.00,0.9575
19-2042.00,29-1131.00,0.9504
19-3011.00,19-3022.00,0.9658
19-3011.00,19-3094.00,0.9544
19-3011.00,19-3099.01,0.9581
19-3011.00,25-1022.00,0.9565
19-3011.00,25-1063.00,0.9579
19-3011.00,33-3021.06,0.9509
19-3022.00,19-3032.00,0.9567
19-3022.00,19-3092.00,0.9622
19-3022.00,19-3099.01,0.9563
19-3022.00,43-9111.00,0.9541
19-3032.00,19-3041.00,0.9536
19-3032.00,19-3051.00,0.9553
19-3032.00,19-3092.00,0.9617
19-3032.00,19-3099.01,0.9538
19-3032.00,29-1229.05,0.9628
19-3033.00,19-3034.00,0.9819
19-3033.00,19-3039.02,0.9564
19-3033.00,19-3039.03,0.9843
19-3033.00,19-3041.00,0.9597
19-3033.00,19-3094.00,0.954
19-3033.00,21-1011.00,0.9672
19-3033.00,21-1012.00,0.9743
19-3033.00,21-1013.00,0.9636
19-3033.00,21-1014.00,0.9672
19-3033.00,21-1015.00,0.9558
19-3033.00,21-1022.00,0.9566
19-3033.00,21-1023.00,0.9652
19-3033.00,23-1011.00,0.9521
19-3033.00,23-1021.00,0.9744
19-3033.00,23-1023.00,0.9536
19-3033.00,23-2011.00,0.9532
19-3033.00,25-1122.00,0.9525
19-3033.00,25-1126.00,0.9505
19-3033.00,25-2031.00,0.9506
19-3033.00,25-2051.00,0.973
19-3033.00,25-2057.00,0.9658
19-3033.00,25-2058.00,0.9579
19-3033.00,25-3011.00,0.9533
19-3033.00,25-3031.00,0.9631
19-3033.00,25-3041.00,0.957
19-3033.00,25-9043.00,0.9516
19-3033.00,29-1129.01,0.966
19-3033.00,29-1141.02,0.9735
19-3033.00,29-1161.00,0.9547
19-3033.00,29-1213.00,0.9563
19-3033.00,29-1214.00,0.9624
19-3033.00,29-1229.02,0.9569
19-3033.00,29-1299.01,0.9666
19-3033.00,29-2099.08,0.9562
19-3033.00,29-9092.00,0.9642
19-3033.00,31-9099.01,0.9689
19-3033.00,33-3021.06,0.9637
19-3033.00,43-4061.00,0.9593
19-3033.00,43-4161.00,0.9587
19-3034.00,19-3039.03,0.9712
19-3034.00,21-1011.00,0.9626
19-3034.00,21-1012.00,0.9796
19-3034.00,21-1013.00,0.9651
19-3034.00,21-1014.00,0.954
19-3034.00,21-1015.00,0.9617
19-3034.00,21-1021.00,0.9595
19-3034.00,21-1023.00,0.961
19-3034.00,23-1021.00,0.9643
19-3034.00,23-2011.00,0.9578
19-3034.00,25-2021.00,0.9618
19-3034.00,25-2031.00,0.9529
19-3034.00,25-2051.00,0.9776
19-3034.00,25-2057.00,0.9757
19-3034.00,25-2058.00,0.9617
19-3034.00,25-3011.00,0.9651
19-3034.00,25-3031.00,0.9679
19-3034.00,25-3041.00,0.9632
19-3034.00,25-9043.00,0.9566
19-3034.00,27-2023.00,0.9564
19-3034.00,29-1128.00,0.9549
19-3034.00,29-1129.01,0.9642
19-3034.00,29-1141.02,0.9688
19-3034.00,29-1161.00,0.9503
19-3034.00,29-1214.00,0.9551
19-3034.00,29-1229.02,0.959
19-3034.00,29-1299.01,0.9502
19-3034.00,29-9092.00,0.9524
19-3034.00,31-9099.01,0.9639
19-3034.00,33-3021.06,0.9648
19-3034.00,43-4021.00,0.9531
19-3034.00,43-4061.00,0.964
19-3034.00,43-4161.00,0.9558
19-3034.00,43-9041.00,0.9591
19-3039.02,19-3039.03,0.967
19-3039.02,19-3041.00,0.9609
19-3039.02,19-3091.00,0.9601
19-3039.02,19-3092.00,0.9578
19-3039.02,19-3094.00,0.9574
19-3039.02,21-1014.00,0.9507
19-3039.02,25-1072.00,0.9544
19-3039.02,29-1011.00,0.9729
19-3039.02,29-1041.00,0.9578
19-3039.02,29-1071.00,0.9771
19-3039.02,29-1128.00,0.9589
19-3039.02,29-1141.02,0.9512
19-3039.02,29-1161.00,0.9604
19-3039.02,29-1171.00,0.9603
19-3039.02,29-1213.00,0.9664
19-3039.02,29-1214.00,0.9558
19-3039.02,29-1215.00,0.9682
19-3039.02,29-1216.00,0.9772
19-3039.02,29-1217.00,0.9843
19-3039.02,29-1218.00,0.9576
19-3039.02,29-1221.00,0.9657
19-3039.02,29-1223.00,0.9514
19-3039.02,29-1229.01,0.9743
19-3039.02,29-1229.02,0.9801
19-3039.02,29-1229.03,0.95
19-3039.02,29-1229.04,0.9691
19-3039.02,29-1229.05,0.9639
19-3039.02,29-1299.01,0.9894
19-3039.02,29-1299.02,0.952
19-3039.02,29-2036.00,0.9606
19-3039.02,29-9092.00,0.9687
19-3039.03,19-3041.00,0.9596
19-3039.03,19-3091.00,0.9542
19-3039.03,19-3094.00,0.9511
19-3039.03,21-1011.00,0.9626
19-3039.03,21-1012.00,0.9687
19-3039.03,21-1013.00,0.9533
19-3039.03,21-1014.00,0.9601
19-3039.03,21-1023.00,0.963
19-3039.03,23-1021.00,0.9691
19-3039.03,23-1023.00,0.9514
19-3039.03,25-1122.00,0.9512
19-3039.03,25-2022.00,0.9587
19-3039.03,25-2031.00,0.9584
19-3039.03,25-2051.00,0.9638
19-3039.03,25-2057.00,0.9602
19-3039.03,25-2058.00,0.9626
19-3039.03,29-1011.00,0.9543
19-3039.03,29-1129.01,0.9604
19-3039.03,29-1141.02,0.9868
19-3039.03,29-1161.00,0.9601
19-3039.03,29-1213.00,0.9696
19-3039.03,29-1214.00,0.9705
19-3039.03,29-1217.00,0.963
19-3039.03,29-1229.01,0.9627
19-3039.03,29-1229.02,0.9696
19-3039.03,29-1229.04,0.9517
19-3039.03,29-1299.01,0.9804
19-3039.03,29-2099.08,0.9606
19-3039.03,29-9092.00,0.9621
19-3039.03,29-9099.01,0.9581
19-3039.03,31-9099.01,0.9639
19-3039.03,33-3021.06,0.9533
19-3041.00,19-3091.00,0.9651
19-3041.00,19-3092.00,0.9718
19-3041.00,19-3094.00,0.9824
19-3041.00,21-1091.00,0.955
19-3041.00,25-1011.00,0.9683
19-3041.00,25-1021.00,0.9589
19-3041.00,25-1031.00,0.9698
19-3041.00,25-1032.00,0.953
19-3041.00,25-1042.00,0.9603
19-3041.00,25-1043.00,0.9591
19-3041.00,25-1051.00,0.9703
19-3041.00,25-1053.00,0.9633
19-3041.00,25-1061.00,0.9766
19-3041.00,25-1062.00,0.9657
19-3041.00,25-1063.00,0.9711
19-3041.00,25-1064.00,0.9792
19-3041.00,25-1065.00,0.9602
19-3041.00,25-1066.00,0.9903
19-3041.00,25-1067.00,0.9724
19-3041.00,25-1071.00,0.9568
19-3041.00,25-1072.00,0.9656
19-3041.00,25-1081.00,0.9566
19-3041.00,25-1082.00,0.9648
19-3041.00,25-1111.00,0.953
19-3041.00,25-1113.00,0.9766
19-3041.00,25-1122.00,0.9618
19-3041.00,25-1124.00,0.9561
19-3041.00,25-1125.00,0.9532
19-3041.00,25-1126.00,0.9604
19-3041.00,25-1192.00,0.9636
19-3041.00,25-2031.00,0.9551
19-3041.00,25-2051.00,0.9528
19-3041.00,29-1141.02,0.9544
19-3041.00,29-1217.00,0.9533
19-3041.00,29-1223.00,0.9683
19-3041.00,29-1229.02,0.9501
19-3041.00,29-1229.05,0.9599
19-3041.00,29-1299.01,0.9569
19-3041.00,29-1299.02,0.9577
19-3041.00,29-9092.00,0.9594
19-3041.00,33-3021.06,0.95
19-3051.00,19-3099.01,0.9706
19-3091.00,19-3092.00,0.9575
19-3091.00,19-3093.00,0.9643
19-3091.00,19-3094.00,0.9524
19-3091.00,25-1041.00,0.9563
19-3091.00,25-1043.00,0.9602
19-3091.00,25-1051.00,0.9582
19-3091.00,25-1053.00,0.9546
19-3091.00,25-1061.00,0.9635
19-3091.00,25-1064.00,0.9574
19-3091.00,25-1066.00,0.9522
19-3091.00,25-1071.00,0.9529
19-3091.00,25-1082.00,0.9556
19-3091.00,25-1122.00,0.9533
19-3091.00,29-1011.00,0.9526
19-3091.00,29-1217.00,0.9533
19-3091.00,29-1218.00,0.9523
19-3091.00,29-1229.01,0.9572
19-3091.00,29-1299.01,0.96
19-3091.00,29-9092.00,0.9609
19-3091.00,33-3021.06,0.9531
19-3092.00,19-3094.00,0.971
19-3092.00,25-1032.00,0.9526
19-3092.00,25-1051.00,0.9682
19-3092.00,25-1053.00,0.9556
19-3092.00,25-1061.00,0.9551
19-3092.00,25-1063.00,0.957
19-3092.00,25-1064.00,0.9627
19-3092.00,25-1066.00,0.963
19-3092.00,29-1299.02,0.9591
19-3092.00,33-3021.06,0.9514
19-3093.00,19-3094.00,0.9545
19-3093.00,25-1061.00,0.955
19-3093.00,25-1065.00,0.9566
19-3094.00,25-1011.00,0.9655
19-3094.00,25-1031.00,0.9676
19-3094.00,25-1061.00,0.9568
19-3094.00,25-1062.00,0.9601
19-3094.00,25-1063.00,0.9695
19-3094.00,25-1064.00,0.9645
19-3094.00,25-1065.00,0.9622
19-3094.00,25-1066.00,0.9701
19-3094.00,25-1067.00,0.9522
19-3094.00,25-1113.00,0.9615
19-3094.00,25-1122.00,0.9507
19-3094.00,25-1124.00,0.9509
19-3094.00,25-1126.00,0.9589
19-3094.00,25-1192.00,0.9561
19-3094.00,29-1223.00,0.9539
19-3094.00,29-1299.01,0.9533
19-3094.00,29-9092.00,0.9505
19-3094.00,33-3021.06,0.9683
19-4042.00,19-4092.00,0.9542
19-4061.00,29-2036.00,0.9554
19-4092.00,29-1224.00,0.9647
19-4092.00,29-2011.01,0.9552
19-5012.00,47-4011.00,0.9641
21-1011.00,21-1012.00,0.9763
21-1011.00,21-1013.00,0.9618
21-1011.00,21-1014.00,0.9596
21-1011.00,21-1015.00,0.9567
21-1011.00,21-1021.00,0.9622
21-1011.00,21-1022.00,0.9546
21-1011.00,21-1023.00,0.9723
21-1011.00,21-1092.00,0.9566
21-1011.00,21-1093.00,0.9769
21-1011.00,21-1094.00,0.9717
21-1011.00,23-1011.00,0.9517
21-1011.00,23-1021.00,0.9568
21-1011.00,25-2051.00,0.9698
21-1011.00,25-2059.01,0.9642
21-1011.00,27-2012.04,0.9548
21-1011.00,29-1122.01,0.9505
21-1011.00,29-1123.00,0.9565
21-1011.00,29-1125.00,0.9608
21-1011.00,29-1129.01,0.9667
21-1011.00,29-1129.02,0.9639
21-1011.00,29-1141.02,0.9556
21-1011.00,29-1161.00,0.9526
21-1011.00,29-1214.00,0.9654
21-1011.00,29-1299.01,0.9535
21-1011.00,29-2053.00,0.9586
21-1011.00,29-2099.08,0.9552
21-1011.00,29-9099.01,0.9503
21-1011.00,31-9099.01,0.9565
21-1011.00,33-1011.00,0.9545
21-1011.00,33-3051.04,0.9569
21-1011.00,41-4011.07,0.9514
21-1011.00,43-4161.00,0.9526
21-1012.00,21-1013.00,0.9598
21-1012.00,21-1023.00,0.9608
21-1012.00,21-1093.00,0.9546
21-1012.00,21-1094.00,0.9746
21-1012.00,21-2011.00,0.951
21-1012.00,23-1021.00,0.9546
21-1012.00,25-1122.00,0.9507
21-1012.00,25-2011.00,0.9566
21-1012.00,25-2012.00,0.9668
21-1012.00,25-2021.00,0.9595
21-1012.00,25-2022.00,0.9625
21-1012.00,25-2031.00,0.962
21-1012.00,25-2051.00,0.9813
21-1012.00,25-2056.00,0.9626
21-1012.00,25-2057.00,0.979
21-1012.00,25-2058.00,0.9712
21-1012.00,25-2059.01,0.9677
21-1012.00,25-3011.00,0.9629
21-1012.00,25-3031.00,0.9709
21-1012.00,25-3041.00,0.9654
21-1012.00,25-9031.00,0.9672
21-1012.00,25-9042.00,0.9547
21-1012.00,25-9043.00,0.9747
21-1012.00,27-2031.00,0.9583
21-1012.00,29-1122.01,0.9619
21-1012.00,29-1125.00,0.9563
21-1012.00,29-1129.01,0.9601
21-1012.00,29-1129.02,0.9639
21-1012.00,29-1141.02,0.9677
21-1012.00,29-1214.00,0.9527
21-1012.00,29-2053.00,0.9531
21-1012.00,29-2099.08,0.9574
21-1012.00,31-2011.00,0.955
21-1012.00,31-9099.01,0.9632
21-1012.00,39-9011.00,0.9562
21-1012.00,43-4051.00,0.9538
21-1012.00,43-4061.00,0.9552
21-1012.00,43-4111.00,0.9538
21-1012.00,43-9041.00,0.9504
21-1013.00,21-1014.00,0.9808
21-1013.00,21-1015.00,0.9768
21-1013.00,21-1021.00,0.9737
21-1013.00,21-1022.00,0.9752
21-1013.00,21-1023.00,0.9661
21-1013.00,23-1011.00,0.9521
21-1013.00,23-1021.00,0.9537
21-1013.00,23-1023.00,0.9563
21-1013.00,25-2051.00,0.95
21-1013.00,27-3031.00,0.9524
21-1013.00,29-1123.00,0.9548
21-1013.00,29-1125.00,0.9561
21-1013.00,29-1129.01,0.9584
21-1013.00,29-1223.00,0.9691
21-1014.00,21-1015.00,0.9611
21-1014.00,21-1021.00,0.954
21-1014.00,21-1022.00,0.9617
21-1014.00,21-1023.00,0.9598
21-1014.00,23-1021.00,0.9549
21-1014.00,23-1023.00,0.9533
21-1014.00,29-1011.00,0.9509
21-1014.00,29-1123.00,0.9504
21-1014.00,29-1129.01,0.9625
21-1014.00,29-1213.00,0.9523
21-1014.00,29-1223.00,0.9661
21-1014.00,29-1299.01,0.9584
21-1015.00,21-1021.00,0.9631
21-1015.00,21-1022.00,0.972
21-1015.00,21-1023.00,0.9744
21-1015.00,21-1091.00,0.9523
21-1015.00,21-1093.00,0.9516
21-1015.00,25-2051.00,0.956
21-1015.00,27-3031.00,0.9536
21-1015.00,29-1122.00,0.9596
21-1015.00,29-1123.00,0.9683
21-1015.00,29-1125.00,0.9663
21-1015.00,29-1129.01,0.9612
21-1015.00,29-1223.00,0.9651
21-1021.00,21-1022.00,0.9589
21-1021.00,21-1023.00,0.9632
21-1021.00,21-1092.00,0.9595
21-1021.00,21-1093.00,0.9608
21-1021.00,29-1123.00,0.9646
21-1021.00,29-1125.00,0.9511
21-1021.00,29-1214.00,0.9525
21-1021.00,29-2053.00,0.9555
21-1022.00,21-1023.00,0.9709
21-1022.00,21-1091.00,0.9524
21-1022.00,21-1093.00,0.955
21-1022.00,29-1011.00,0.9557
21-1022.00,29-1123.00,0.9517
21-1022.00,29-1125.00,0.9669
21-1022.00,29-1129.01,0.9519
21-1022.00,29-1141.04,0.9561
21-1022.00,29-1161.00,0.9608
21-1022.00,29-1223.00,0.9662
21-1022.00,29-1229.02,0.9527
21-1023.00,21-1091.00,0.9525
21-1023.00,21-1093.00,0.964
21-1023.00,25-2051.00,0.9598
21-1023.00,25-2058.00,0.9568
21-1023.00,29-1122.00,0.951
21-1023.00,29-1123.00,0.9521
21-1023.00,29-1125.00,0.9654
21-1023.00,29-1129.01,0.9584
21-1023.00,29-1141.02,0.9629
21-1023.00,29-1141.04,0.9553
21-1023.00,29-1161.00,0.9548
21-1023.00,29-1213.00,0.9519
21-1023.00,29-1214.00,0.9587
21-1023.00,29-1223.00,0.9591
21-1023.00,29-1229.02,0.9503
21-1023.00,29-2053.00,0.952
21-1091.00,25-1031.00,0.9566
21-1091.00,25-1062.00,0.9626
21-1091.00,25-1065.00,0.9628
21-1091.00,25-1067.00,0.9627
21-1091.00,25-1081.00,0.957
21-1091.00,25-1111.00,0.9521
21-1091.00,25-1113.00,0.9545
21-1091.00,25-1122.00,0.9569
21-1091.00,25-1125.00,0.9633
21-1091.00,25-9021.00,0.9577
21-1091.00,29-1122.00,0.9588
21-1091.00,29-1125.00,0.9537
21-1091.00,29-1223.00,0.9524
21-1092.00,21-1093.00,0.9544
21-1092.00,27-3023.00,0.9546
21-1092.00,33-3021.00,0.9702
21-1092.00,33-3021.02,0.9532
21-1092.00,33-3051.04,0.976
21-1092.00,33-9021.00,0.9734
21-1093.00,21-1094.00,0.9588
21-1093.00,27-3023.00,0.9528
21-1093.00,29-1125.00,0.9657
21-1093.00,29-1161.00,0.9507
21-1093.00,29-1214.00,0.9592
21-1093.00,29-2053.00,0.9579
21-1093.00,29-2099.08,0.9601
21-1093.00,31-1133.00,0.9508
21-1093.00,31-9099.01,0.9549
21-1093.00,33-3021.00,0.95
21-1093.00,33-3051.04,0.9526
21-1093.00,33-9011.00,0.9542
21-1093.00,33-9021.00,0.953
21-1093.00,39-9011.01,0.9561
21-1093.00,39-9041.00,0.954
21-1093.00,41-4011.07,0.9562
21-1093.00,43-4161.00,0.9578
21-1093.00,43-4181.00,0.9524
21-1093.00,43-6011.00,0.9513
21-1094.00,25-2012.00,0.9518
21-1094.00,25-2051.00,0.9576
21-1094.00,25-2059.01,0.9642
21-1094.00,25-9031.00,0.9539
21-1094.00,27-3023.00,0.9502
21-1094.00,29-1122.01,0.9569
21-1094.00,29-1125.00,0.9506
21-1094.00,29-2099.08,0.9505
21-1094.00,31-2011.00,0.9687
21-1094.00,33-1011.00,0.9565
21-1094.00,33-1012.00,0.9645
21-1094.00,33-3051.00,0.9516
21-1094.00,39-1013.00,0.9518
21-1094.00,39-1022.00,0.9622
21-1094.00,43-4031.00,0.9507
21-1094.00,43-4181.00,0.9523
21-1094.00,43-9041.00,0.9513
21-2011.00,25-9031.00,0.9513
21-2011.00,29-2099.08,0.955
21-2021.00,25-9031.00,0.9552
21-2021.00,27-1022.00,0.9563
23-1011.00,23-1021.00,0.9769
23-1011.00,23-1022.00,0.9642
23-1011.00,23-1023.00,0.9682
23-1011.00,27-2012.04,0.9737
23-1011.00,27-2041.00,0.966
23-1011.00,27-3031.00,0.9738
23-1011.00,33-3021.06,0.9558
23-1011.00,43-4161.00,0.9533
23-1012.00,23-1021.00,0.9569
23-1012.00,23-2011.00,0.9587
23-1012.00,23-2093.00,0.9505
23-1012.00,27-3043.00,0.9573
23-1012.00,27-3043.05,0.9642
23-1012.00,33-3021.06,0.9582
23-1012.00,43-4021.00,0.9513
23-1012.00,43-4161.00,0.9516
23-1021.00,23-1022.00,0.9538
23-1021.00,23-1023.00,0.9888
23-1021.00,23-2011.00,0.9579
23-1021.00,23-2093.00,0.9535
23-1021.00,27-2012.04,0.9699
23-1021.00,27-3031.00,0.9506
23-1021.00,29-1129.01,0.9599
23-1021.00,33-3021.06,0.9651
23-1021.00,33-9021.00,0.9627
23-1021.00,43-4021.00,0.9552
23-1021.00,43-4061.00,0.9552
23-1021.00,43-4161.00,0.9687
23-1022.00,41-4012.00,0.9565
23-1023.00,27-2012.04,0.9623
23-1023.00,33-3021.06,0.9537
23-1023.00,33-9021.00,0.9537
23-1023.00,43-4161.00,0.9518
23-2011.00,23-2093.00,0.9533
23-2011.00,27-3023.00,0.9603
23-2011.00,27-3043.00,0.9618
23-2011.00,33-3021.06,0.9569
23-2011.00,43-4021.00,0.9665
23-2011.00,43-4061.00,0.9742
23-2011.00,43-4161.00,0.9754
23-2011.00,43-6012.00,0.961
23-2093.00,27-3023.00,0.9578
23-2093.00,33-3021.06,0.952
23-2093.00,33-9021.00,0.9529
23-2093.00,43-3061.00,0.955
23-2093.00,43-4011.00,0.9537
23-2093.00,43-4021.00,0.9653
23-2093.00,43-4031.00,0.9586
23-2093.00,43-4041.00,0.9619
23-2093.00,43-4061.00,0.9539
23-2093.00,43-4071.00,0.9513
23-2093.00,43-4161.00,0.9745
23-2093.00,43-6012.00,0.9562
23-2093.00,43-6013.00,0.9564
23-2093.00,43-6014.00,0.956
25-1011.00,25-1021.00,0.9687
25-1011.00,25-1022.00,0.9677
25-1011.00,25-1031.00,0.9821
25-1011.00,25-1043.00,0.9607
25-1011.00,25-1061.00,0.9595
25-1011.00,25-1062.00,0.9657
25-1011.00,25-1063.00,0.9818
25-1011.00,25-1064.00,0.9671
25-1011.00,25-1065.00,0.962
25-1011.00,25-1066.00,0.9645
25-1011.00,25-1067.00,0.9676
25-1011.00,25-1071.00,0.9519
25-1011.00,25-1072.00,0.965
25-1011.00,25-1081.00,0.9778
25-1011.00,25-1082.00,0.9852
25-1011.00,25-1111.00,0.9756
25-1011.00,25-1112.00,0.9782
25-1011.00,25-1113.00,0.98
25-1011.00,25-1121.00,0.9688
25-1011.00,25-1122.00,0.9799
25-1011.00,25-1123.00,0.9702
25-1011.00,25-1124.00,0.9813
25-1011.00,25-1125.00,0.9736
25-1011.00,25-1126.00,0.9803
25-1011.00,25-1192.00,0.9847
25-1011.00,25-1193.00,0.9554
25-1011.00,25-2021.00,0.9563
25-1011.00,25-2022.00,0.9614
25-1011.00,25-2023.00,0.9571
25-1011.00,25-2031.00,0.9725
25-1011.00,25-2051.00,0.9613
25-1011.00,25-2057.00,0.9512
25-1011.00,25-2058.00,0.9563
25-1011.00,25-3011.00,0.9626
25-1011.00,25-3041.00,0.967
25-1011.00,25-9031.00,0.9589
25-1011.00,33-3021.06,0.9614
25-1021.00,25-1031.00,0.9642
25-1021.00,25-1043.00,0.9564
25-1021.00,25-1063.00,0.9566
25-1021.00,25-1064.00,0.9539
25-1021.00,25-1066.00,0.9619
25-1021.00,25-1072.00,0.9594
25-1021.00,25-1082.00,0.9601
25-1021.00,25-1113.00,0.9561
25-1021.00,25-1122.00,0.9518
25-1021.00,25-1124.00,0.9508
25-1021.00,25-1192.00,0.9552
25-1022.00,25-1032.00,0.958
25-1022.00,25-1063.00,0.9625
25-1022.00,25-1192.00,0.951
25-1031.00,25-1032.00,0.954
25-1031.00,25-1043.00,0.962
25-1031.00,25-1061.00,0.9522
25-1031.00,25-1062.00,0.9696
25-1031.00,25-1063.00,0.9726
25-1031.00,25-1064.00,0.9618
25-1031.00,25-1065.00,0.9644
25-1031.00,25-1066.00,0.9713
25-1031.00,25-1067.00,0.9718
25-1031.00,25-1071.00,0.9511
25-1031.00,25-1072.00,0.9769
25-1031.00,25-1081.00,0.9698
25-1031.00,25-1082.00,0.9725
25-1031.00,25-1111.00,0.9696
25-1031.00,25-1112.00,0.962
25-1031.00,25-1113.00,0.9833
25-1031.00,25-1121.00,0.9621
25-1031.00,25-1122.00,0.973
25-1031.00,25-1123.00,0.9584
25-1031.00,25-1124.00,0.9786
25-1031.00,25-1125.00,0.9704
25-1031.00,25-1126.00,0.9743
25-1031.00,25-1192.00,0.982
25-1031.00,25-1193.00,0.9684
25-1031.00,25-2021.00,0.9572
25-1031.00,25-2023.00,0.9649
25-1031.00,25-2031.00,0.9719
25-1031.00,25-2051.00,0.9596
25-1031.00,25-2058.00,0.9558
25-1031.00,25-9031.00,0.9548
25-1031.00,29-1122.00,0.9538
25-1031.00,29-1127.00,0.9506
25-1032.00,25-1041.00,0.9575
25-1032.00,25-1042.00,0.9579
25-1032.00,25-1043.00,0.962
25-1032.00,25-1051.00,0.9734
25-1032.00,25-1052.00,0.9557
25-1032.00,25-1053.00,0.9641
25-1032.00,25-1061.00,0.95
25-1032.00,25-1063.00,0.9677
25-1032.00,25-1064.00,0.9539
25-1032.00,25-1066.00,0.967
25-1032.00,25-1072.00,0.9503
25-1041.00,25-1042.00,0.9628
25-1041.00,25-1043.00,0.9815
25-1041.00,25-1051.00,0.9563
25-1041.00,25-1052.00,0.9573
25-1041.00,25-1053.00,0.9642
25-1041.00,25-1061.00,0.966
25-1041.00,25-1066.00,0.9597
25-1041.00,25-1071.00,0.9641
25-1041.00,25-1072.00,0.9723
25-1041.00,25-1082.00,0.95
25-1041.00,25-1192.00,0.952
25-1042.00,25-1043.00,0.9567
25-1042.00,25-1051.00,0.9737
25-1042.00,25-1052.00,0.965
25-1042.00,25-1053.00,0.9842
25-1042.00,25-1054.00,0.9675
25-1042.00,25-1061.00,0.9772
25-1042.00,25-1064.00,0.953
25-1042.00,25-1066.00,0.969
25-1042.00,25-1067.00,0.9549
25-1042.00,25-1071.00,0.9811
25-1042.00,29-1215.00,0.9515
25-1042.00,29-1229.01,0.9501
25-1043.00,25-1051.00,0.9628
25-1043.00,25-1052.00,0.9573
25-1043.00,25-1053.00,0.9725
25-1043.00,25-1061.00,0.9653
25-1043.00,25-1062.00,0.9505
25-1043.00,25-1063.00,0.9535
25-1043.00,25-1064.00,0.9667
25-1043.00,25-1066.00,0.9658
25-1043.00,25-1067.00,0.9543
25-1043.00,25-1071.00,0.9606
25-1043.00,25-1072.00,0.9744
25-1043.00,25-1082.00,0.9633
25-1043.00,25-1113.00,0.9605
25-1043.00,25-1122.00,0.9565
25-1043.00,25-1192.00,0.9626
25-1051.00,25-1052.00,0.9691
25-1051.00,25-1053.00,0.9852
25-1051.00,25-1061.00,0.9731
25-1051.00,25-1063.00,0.9582
25-1051.00,25-1064.00,0.9738
25-1051.00,25-1066.00,0.977
25-1051.00,25-1067.00,0.9513
25-1051.00,25-1071.00,0.9508
25-1051.00,25-1113.00,0.9542
25-1052.00,25-1053.00,0.981
25-1052.00,25-1066.00,0.9606
25-1052.00,29-1217.00,0.9518
25-1053.00,25-1054.00,0.9503
25-1053.00,25-1061.00,0.9722
25-1053.00,25-1064.00,0.9634
25-1053.00,25-1066.00,0.973
25-1053.00,25-1067.00,0.9539
25-1053.00,25-1071.00,0.9634
25-1053.00,25-1072.00,0.9529
25-1053.00,25-1192.00,0.952
25-1053.00,29-1229.05,0.9531
25-1054.00,25-1071.00,0.96
25-1061.00,25-1062.00,0.9624
25-1061.00,25-1063.00,0.9577
25-1061.00,25-1064.00,0.9786
25-1061.00,25-1065.00,0.9633
25-1061.00,25-1066.00,0.979
25-1061.00,25-1067.00,0.9806
25-1061.00,25-1071.00,0.9727
25-1061.00,25-1072.00,0.9583
25-1061.00,25-1081.00,0.9626
25-1061.00,25-1082.00,0.964
25-1061.00,25-1111.00,0.9522
25-1061.00,25-1113.00,0.9699
25-1061.00,25-1122.00,0.9603
25-1061.00,25-1123.00,0.9553
25-1061.00,25-1124.00,0.9533
25-1061.00,25-1125.00,0.9612
25-1061.00,25-1126.00,0.9523
25-1061.00,25-1192.00,0.9632
25-1062.00,25-1063.00,0.9619
25-1062.00,25-1064.00,0.9814
25-1062.00,25-1065.00,0.9858
25-1062.00,25-1066.00,0.9649
25-1062.00,25-1067.00,0.9723
25-1062.00,25-1072.00,0.9516
25-1062.00,25-1081.00,0.9825
25-1062.00,25-1082.00,0.9755
25-1062.00,25-1111.00,0.963
25-1062.00,25-1112.00,0.9609
25-1062.00,25-1113.00,0.977
25-1062.00,25-1121.00,0.966
25-1062.00,25-1122.00,0.9798
25-1062.00,25-1123.00,0.9611
25-1062.00,25-1124.00,0.9699
25-1062.00,25-1125.00,0.9721
25-1062.00,25-1126.00,0.9803
25-1062.00,25-1192.00,0.9708
25-1062.00,25-1193.00,0.9638
25-1063.00,25-1064.00,0.975
25-1063.00,25-1065.00,0.9556
25-1063.00,25-1066.00,0.9741
25-1063.00,25-1067.00,0.9568
25-1063.00,25-1072.00,0.95
25-1063.00,25-1081.00,0.9555
25-1063.00,25-1082.00,0.9626
25-1063.00,25-1111.00,0.9562
25-1063.00,25-1112.00,0.9544
25-1063.00,25-1113.00,0.9721
25-1063.00,25-1122.00,0.9589
25-1063.00,25-1124.00,0.9563
25-1063.00,25-1126.00,0.9667
25-1063.00,25-1192.00,0.9766
25-1064.00,25-1065.00,0.9724
25-1064.00,25-1066.00,0.9805
25-1064.00,25-1067.00,0.9652
25-1064.00,25-1071.00,0.9529
25-1064.00,25-1072.00,0.9538
25-1064.00,25-1081.00,0.9654
25-1064.00,25-1082.00,0.9641
25-1064.00,25-1113.00,0.9753
25-1064.00,25-1122.00,0.966
25-1064.00,25-1124.00,0.9529
25-1064.00,25-1125.00,0.9534
25-1064.00,25-1126.00,0.9574
25-1064.00,25-1192.00,0.9623
25-1065.00,25-1066.00,0.9542
25-1065.00,25-1067.00,0.9751
25-1065.00,25-1071.00,0.9529
25-1065.00,25-1081.00,0.9814
25-1065.00,25-1082.00,0.9652
25-1065.00,25-1111.00,0.975
25-1065.00,25-1112.00,0.9626
25-1065.00,25-1113.00,0.9754
25-1065.00,25-1121.00,0.9678
25-1065.00,25-1122.00,0.9758
25-1065.00,25-1123.00,0.9632
25-1065.00,25-1124.00,0.9682
25-1065.00,25-1125.00,0.9817
25-1065.00,25-1126.00,0.9724
25-1065.00,25-1192.00,0.9627
25-1065.00,25-1193.00,0.9609
25-1066.00,25-1067.00,0.9711
25-1066.00,25-1071.00,0.9594
25-1066.00,25-1072.00,0.9676
25-1066.00,25-1081.00,0.9507
25-1066.00,25-1082.00,0.9635
25-1066.00,25-1113.00,0.9798
25-1066.00,25-1122.00,0.9542
25-1066.00,25-1124.00,0.9513
25-1066.00,25-1126.00,0.9546
25-1066.00,25-1192.00,0.9687
25-1066.00,25-2031.00,0.9509
25-1066.00,29-1229.05,0.9537
25-1066.00,29-1299.02,0.9514
25-1067.00,25-1071.00,0.9589
25-1067.00,25-1072.00,0.9621
25-1067.00,25-1081.00,0.9802
25-1067.00,25-1082.00,0.9733
25-1067.00,25-1111.00,0.9787
25-1067.00,25-1112.00,0.9565
25-1067.00,25-1113.00,0.9824
25-1067.00,25-1121.00,0.977
25-1067.00,25-1122.00,0.9712
25-1067.00,25-1123.00,0.9639
25-1067.00,25-1124.00,0.9716
25-1067.00,25-1125.00,0.9802
25-1067.00,25-1126.00,0.9708
25-1067.00,25-1192.00,0.976
25-1067.00,25-1193.00,0.9651
25-1067.00,25-2023.00,0.9542
25-1067.00,25-2031.00,0.955
25-1067.00,25-2051.00,0.9578
25-1067.00,29-1122.00,0.9514
25-1071.00,25-1072.00,0.9581
25-1071.00,25-1113.00,0.9523
25-1071.00,25-1125.00,0.9582
25-1071.00,25-1193.00,0.9513
25-1071.00,29-1215.00,0.9533
25-1072.00,25-1082.00,0.9688
25-1072.00,25-1113.00,0.9745
25-1072.00,25-1122.00,0.9642
25-1072.00,25-1124.00,0.9613
25-1072.00,25-1125.00,0.9543
25-1072.00,25-1126.00,0.9548
25-1072.00,25-1192.00,0.9725
25-1072.00,25-1193.00,0.9678
25-1072.00,25-2021.00,0.9589
25-1072.00,25-2022.00,0.9651
25-1072.00,25-2023.00,0.9635
25-1072.00,25-2031.00,0.9787
25-1072.00,25-2051.00,0.9666
25-1072.00,25-2056.00,0.9656
25-1072.00,25-2057.00,0.9534
25-1072.00,25-2058.00,0.9632
25-1072.00,25-2059.01,0.9548
25-1072.00,25-3011.00,0.9518
25-1072.00,25-9021.00,0.9545
25-1072.00,25-9031.00,0.9611
25-1072.00,25-9044.00,0.961
25-1072.00,29-1122.00,0.9616
25-1072.00,29-1128.00,0.9597
25-1072.00,29-1141.02,0.953
25-1072.00,29-1161.00,0.954
25-1072.00,29-1217.00,0.9605
25-1072.00,29-1229.02,0.952
25-1072.00,29-1229.04,0.9614
25-1072.00,29-1229.05,0.9591
25-1072.00,29-1299.01,0.9516
25-1081.00,25-1082.00,0.9828
25-1081.00,25-1111.00,0.9831
25-1081.00,25-1112.00,0.9684
25-1081.00,25-1113.00,0.9778
25-1081.00,25-1121.00,0.986
25-1081.00,25-1122.00,0.9873
25-1081.00,25-1123.00,0.9717
25-1081.00,25-1124.00,0.9787
25-1081.00,25-1125.00,0.9876
25-1081.00,25-1126.00,0.9787
25-1081.00,25-1192.00,0.9764
25-1081.00,25-1193.00,0.9683
25-1081.00,25-2023.00,0.9552
25-1081.00,25-2031.00,0.9566
25-1081.00,25-2051.00,0.9502
25-1081.00,25-2058.00,0.9504
25-1081.00,25-9031.00,0.9578
25-1082.00,25-1111.00,0.9766
25-1082.00,25-1112.00,0.9793
25-1082.00,25-1113.00,0.9815
25-1082.00,25-1121.00,0.9733
25-1082.00,25-1122.00,0.9904
25-1082.00,25-1123.00,0.9772
25-1082.00,25-1124.00,0.9855
25-1082.00,25-1125.00,0.9729
25-1082.00,25-1126.00,0.9844
25-1082.00,25-1192.00,0.9846
25-1082.00,25-1193.00,0.9632
25-1082.00,25-2021.00,0.9535
25-1082.00,25-2022.00,0.9637
25-1082.00,25-2023.00,0.96
25-1082.00,25-2031.00,0.9739
25-1082.00,25-2051.00,0.9691
25-1082.00,25-2056.00,0.9564
25-1082.00,25-2057.00,0.9528
25-1082.00,25-2058.00,0.9609
25-1082.00,25-3011.00,0.9602
25-1082.00,25-3041.00,0.9578
25-1082.00,25-9031.00,0.9632
25-1111.00,25-1112.00,0.9792
25-1111.00,25-1113.00,0.9733
25-1111.00,25-1121.00,0.9799
25-1111.00,25-1122.00,0.9812
25-1111.00,25-1123.00,0.9743
25-1111.00,25-1124.00,0.9825
25-1111.00,25-1125.00,0.9889
25-1111.00,25-1126.00,0.9805
25-1111.00,25-1192.00,0.9715
25-1111.00,25-1193.00,0.9617
25-1111.00,25-2023.00,0.9622
25-1111.00,25-2031.00,0.9529
25-1111.00,25-2051.00,0.9582
25-1111.00,25-3041.00,0.9506
25-1112.00,25-1113.00,0.9656
25-1112.00,25-1121.00,0.9647
25-1112.00,25-1122.00,0.98
25-1112.00,25-1123.00,0.9783
25-1112.00,25-1124.00,0.9882
25-1112.00,25-1125.00,0.9715
25-1112.00,25-1126.00,0.9859
25-1112.00,25-1192.00,0.9706
25-1112.00,25-1193.00,0.9522
25-1112.00,25-2023.00,0.9517
25-1112.00,25-2031.00,0.9603
25-1112.00,25-2051.00,0.9627
25-1112.00,25-2056.00,0.952
25-1112.00,25-3011.00,0.9557
25-1112.00,25-3041.00,0.9553
25-1113.00,25-1121.00,0.9729
25-1113.00,25-1122.00,0.9769
25-1113.00,25-1123.00,0.9675
25-1113.00,25-1124.00,0.9792
25-1113.00,25-1125.00,0.9714
25-1113.00,25-1126.00,0.9781
25-1113.00,25-1192.00,0.9803
25-1113.00,25-1193.00,0.9591
25-1113.00,25-2021.00,0.9594
25-1113.00,25-2022.00,0.9535
25-1113.00,25-2023.00,0.9598
25-1113.00,25-2031.00,0.97
25-1113.00,25-2051.00,0.9582
25-1113.00,25-2058.00,0.9599
25-1113.00,25-3011.00,0.955
25-1113.00,25-3041.00,0.9606
25-1113.00,25-9031.00,0.9513
25-1121.00,25-1122.00,0.9742
25-1121.00,25-1123.00,0.968
25-1121.00,25-1124.00,0.9777
25-1121.00,25-1125.00,0.9828
25-1121.00,25-1126.00,0.9757
25-1121.00,25-1192.00,0.9686
25-1121.00,25-1193.00,0.9586
25-1121.00,25-2023.00,0.9654
25-1121.00,25-2031.00,0.9579
25-1121.00,25-9031.00,0.9517
25-1122.00,25-1123.00,0.9765
25-1122.00,25-1124.00,0.9834
25-1122.00,25-1125.00,0.9841
25-1122.00,25-1126.00,0.9823
25-1122.00,25-1192.00,0.9755
25-1122.00,25-1193.00,0.9722
25-1122.00,25-2022.00,0.9655
25-1122.00,25-2023.00,0.9578
25-1122.00,25-2031.00,0.9731
25-1122.00,25-2051.00,0.9634
25-1122.00,25-2056.00,0.9524
25-1122.00,25-2058.00,0.9626
25-1122.00,25-3011.00,0.957
25-1122.00,25-3041.00,0.9578
25-1122.00,25-4011.00,0.9501
25-1122.00,25-9031.00,0.9702
25-1122.00,29-1141.02,0.9511
25-1122.00,33-3021.06,0.9514
25-1123.00,25-1124.00,0.9839
25-1123.00,25-1125.00,0.9773
25-1123.00,25-1126.00,0.9829
25-1123.00,25-1192.00,0.965
25-1123.00,25-1193.00,0.9536
25-1123.00,25-2021.00,0.9507
25-1123.00,25-2023.00,0.9526
25-1123.00,25-2031.00,0.9542
25-1123.00,25-2051.00,0.9572
25-1123.00,25-2057.00,0.9505
25-1123.00,25-3011.00,0.9641
25-1123.00,25-3031.00,0.9576
25-1123.00,25-3041.00,0.9678
25-1124.00,25-1125.00,0.9785
25-1124.00,25-1126.00,0.9904
25-1124.00,25-1192.00,0.9762
25-1124.00,25-1193.00,0.9621
25-1124.00,25-2021.00,0.9616
25-1124.00,25-2023.00,0.9659
25-1124.00,25-2031.00,0.9676
25-1124.00,25-2051.00,0.9687
25-1124.00,25-2056.00,0.9585
25-1124.00,25-2057.00,0.9525
25-1124.00,25-2058.00,0.9561
25-1124.00,25-2059.01,0.9543
25-1124.00,25-3011.00,0.9588
25-1124.00,25-3021.00,0.9558
25-1124.00,25-3031.00,0.9568
25-1124.00,25-3041.00,0.9663
25-1124.00,25-9031.00,0.9538
25-1124.00,25-9044.00,0.9535
25-1125.00,25-1126.00,0.977
25-1125.00,25-1192.00,0.9665
25-1125.00,25-1193.00,0.9754
25-1125.00,25-2021.00,0.9527
25-1125.00,25-2022.00,0.9538
25-1125.00,25-2023.00,0.9575
25-1125.00,25-2031.00,0.9617
25-1125.00,25-2051.00,0.9595
25-1125.00,25-2057.00,0.9504
25-1125.00,25-2058.00,0.9604
25-1125.00,25-3031.00,0.9537
25-1125.00,25-3041.00,0.9576
25-1125.00,25-9031.00,0.9604
25-1126.00,25-1192.00,0.9807
25-1126.00,25-1193.00,0.9576
25-1126.00,25-2021.00,0.9532
25-1126.00,25-2023.00,0.9651
25-1126.00,25-2031.00,0.9617
25-1126.00,25-2051.00,0.9675
25-1126.00,25-2056.00,0.9565
25-1126.00,25-2058.00,0.9533
25-1126.00,25-3011.00,0.9523
25-1126.00,25-3031.00,0.9501
25-1126.00,25-3041.00,0.9595
25-1126.00,25-9031.00,0.9523
25-1126.00,33-3021.06,0.9517
25-1192.00,25-1193.00,0.9658
25-1192.00,25-2021.00,0.9516
25-1192.00,25-2022.00,0.9517
25-1192.00,25-2023.00,0.9658
25-1192.00,25-2031.00,0.9708
25-1192.00,25-2051.00,0.9637
25-1192.00,25-2056.00,0.9582
25-1192.00,25-9031.00,0.9533
25-1192.00,25-9044.00,0.9531
25-1193.00,25-2031.00,0.957
25-1193.00,25-2058.00,0.9546
25-1193.00,25-9031.00,0.9567
25-1193.00,29-1122.00,0.9578
25-1194.00,25-2023.00,0.9574
25-1194.00,25-2032.00,0.9501
25-2011.00,25-2012.00,0.9777
25-2011.00,25-2021.00,0.957
25-2011.00,25-2022.00,0.9521
25-2011.00,25-2023.00,0.9617
25-2011.00,25-2031.00,0.9591
25-2011.00,25-2032.00,0.9532
25-2011.00,25-2051.00,0.9604
25-2011.00,25-2056.00,0.9703
25-2011.00,25-2058.00,0.9613
25-2011.00,25-2059.01,0.9684
25-2011.00,25-3021.00,0.9529
25-2011.00,25-3031.00,0.9583
25-2011.00,25-9031.00,0.9561
25-2011.00,25-9042.00,0.9559
25-2011.00,25-9043.00,0.9603
25-2011.00,27-2022.00,0.9525
25-2011.00,27-2032.00,0.9569
25-2011.00,29-1125.00,0.9508
25-2011.00,29-1129.02,0.9649
25-2011.00,29-2053.00,0.9565
25-2011.00,39-2011.00,0.9519
25-2011.00,39-9032.00,0.9585
25-2012.00,25-2021.00,0.9682
25-2012.00,25-2022.00,0.9665
25-2012.00,25-2031.00,0.9636
25-2012.00,25-2032.00,0.9561
25-2012.00,25-2051.00,0.9651
25-2012.00,25-2056.00,0.9625
25-2012.00,25-2057.00,0.9697
25-2012.00,25-2058.00,0.9765
25-2012.00,25-2059.01,0.9676
25-2012.00,25-3011.00,0.9609
25-2012.00,25-3021.00,0.9597
25-2012.00,25-3031.00,0.968
25-2012.00,25-3041.00,0.9513
25-2012.00,25-9031.00,0.9632
25-2012.00,25-9042.00,0.9558
25-2012.00,25-9043.00,0.9623
25-2012.00,27-2022.00,0.9531
25-2012.00,27-2031.00,0.9516
25-2012.00,27-2032.00,0.9605
25-2012.00,29-1122.01,0.9545
25-2012.00,29-2053.00,0.9546
25-2012.00,31-2011.00,0.9553
25-2012.00,39-9011.00,0.9644
25-2012.00,39-9032.00,0.9516
25-2021.00,25-2022.00,0.9705
25-2021.00,25-2023.00,0.9627
25-2021.00,25-2031.00,0.975
25-2021.00,25-2032.00,0.9529
25-2021.00,25-2051.00,0.9787
25-2021.00,25-2056.00,0.9672
25-2021.00,25-2057.00,0.9809
25-2021.00,25-2058.00,0.9824
25-2021.00,25-2059.01,0.9624
25-2021.00,25-3011.00,0.9772
25-2021.00,25-3021.00,0.9593
25-2021.00,25-3031.00,0.9702
25-2021.00,25-3041.00,0.9672
25-2021.00,25-9031.00,0.9601
25-2021.00,25-9043.00,0.9621
25-2021.00,25-9044.00,0.9522
25-2021.00,29-1122.01,0.9509
25-2021.00,29-1129.01,0.9538
25-2021.00,29-1141.02,0.9535
25-2022.00,25-2031.00,0.9865
25-2022.00,25-2032.00,0.9599
25-2022.00,25-2051.00,0.9663
25-2022.00,25-2056.00,0.9684
25-2022.00,25-2057.00,0.9772
25-2022.00,25-2058.00,0.9854
25-2022.00,25-2059.01,0.9533
25-2022.00,25-3011.00,0.9744
25-2022.00,25-3031.00,0.9568
25-2022.00,25-3041.00,0.9636
25-2022.00,25-9031.00,0.9805
25-2022.00,25-9042.00,0.9534
25-2022.00,29-1141.02,0.9718
25-2023.00,25-2031.00,0.9683
25-2023.00,25-2032.00,0.9552
25-2023.00,25-2051.00,0.9686
25-2023.00,25-2056.00,0.9752
25-2023.00,25-2058.00,0.9558
25-2023.00,25-2059.01,0.9682
25-2023.00,25-3021.00,0.9642
25-2023.00,25-3031.00,0.9559
25-2023.00,25-3041.00,0.9537
25-2023.00,25-9031.00,0.9579
25-2023.00,25-9044.00,0.9516
25-2023.00,29-1122.00,0.952
25-2023.00,29-1125.00,0.9522
25-2031.00,25-2032.00,0.9505
25-2031.00,25-2051.00,0.9761
25-2031.00,25-2056.00,0.9767
25-2031.00,25-2057.00,0.9673
25-2031.00,25-2058.00,0.9803
25-2031.00,25-2059.01,0.9588
25-2031.00,25-3011.00,0.9636
25-2031.00,25-3021.00,0.9508
25-2031.00,25-3031.00,0.9569
25-2031.00,25-3041.00,0.9639
25-2031.00,25-9031.00,0.9823
25-2031.00,25-9044.00,0.9548
25-2031.00,29-1141.02,0.9634
25-2032.00,25-2056.00,0.9627
25-2032.00,25-2057.00,0.9588
25-2032.00,25-2058.00,0.9556
25-2032.00,25-2059.01,0.9584
25-2032.00,25-3011.00,0.9549
25-2032.00,25-3021.00,0.951
25-2032.00,25-3031.00,0.9537
25-2032.00,25-3041.00,0.9552
25-2032.00,25-9042.00,0.9501
25-2032.00,25-9043.00,0.9504
25-2051.00,25-2056.00,0.9762
25-2051.00,25-2057.00,0.9756
25-2051.00,25-2058.00,0.9747
25-2051.00,25-2059.01,0.9747
25-2051.00,25-3011.00,0.9703
25-2051.00,25-3021.00,0.9602
25-2051.00,25-3031.00,0.9693
25-2051.00,25-3041.00,0.9651
25-2051.00,25-9031.00,0.9651
25-2051.00,25-9043.00,0.9645
25-2051.00,25-9044.00,0.9568
25-2051.00,29-1122.00,0.952
25-2051.00,29-1122.01,0.9698
25-2051.00,29-1125.00,0.9541
25-2051.00,29-1127.00,0.9546
25-2051.00,29-1128.00,0.9609
25-2051.00,29-1129.01,0.968
25-2051.00,29-1129.02,0.9625
25-2051.00,29-1141.02,0.9639
25-2051.00,29-1161.00,0.9572
25-2051.00,29-1214.00,0.9512
25-2051.00,29-1229.02,0.9522
25-2051.00,29-1299.01,0.9548
25-2051.00,29-2053.00,0.9545
25-2051.00,29-9099.01,0.9554
25-2051.00,31-2011.00,0.9555
25-2051.00,31-9099.01,0.9681
25-2056.00,25-2057.00,0.9584
25-2056.00,25-2058.00,0.9688
25-2056.00,25-2059.01,0.9724
25-2056.00,25-3011.00,0.9577
25-2056.00,25-3021.00,0.9742
25-2056.00,25-3031.00,0.9633
25-2056.00,25-3041.00,0.9643
25-2056.00,25-9031.00,0.9657
25-2056.00,25-9042.00,0.956
25-2056.00,25-9043.00,0.9612
25-2056.00,25-9044.00,0.9691
25-2056.00,29-1122.01,0.9669
25-2056.00,29-1128.00,0.9515
25-2056.00,29-1129.02,0.9556
25-2056.00,31-9099.01,0.9519
25-2056.00,39-2011.00,0.952
25-2057.00,25-2058.00,0.9824
25-2057.00,25-2059.01,0.9613
25-2057.00,25-3011.00,0.9828
25-2057.00,25-3021.00,0.952
25-2057.00,25-3031.00,0.9755
25-2057.00,25-3041.00,0.9774
25-2057.00,25-9031.00,0.9615
25-2057.00,25-9043.00,0.9645
25-2057.00,27-2031.00,0.9592
25-2057.00,29-1122.01,0.9606
25-2057.00,29-1141.02,0.9678
25-2057.00,31-9099.01,0.9515
25-2058.00,25-2059.01,0.9621
25-2058.00,25-3011.00,0.9747
25-2058.00,25-3021.00,0.9538
25-2058.00,25-3031.00,0.967
25-2058.00,25-3041.00,0.9679
25-2058.00,25-9031.00,0.9833
25-2058.00,25-9042.00,0.956
25-2058.00,25-9043.00,0.9562
25-2058.00,25-9044.00,0.9578
25-2058.00,27-2032.00,0.9541
25-2058.00,29-1122.00,0.9505
25-2058.00,29-1122.01,0.9508
25-2058.00,29-1125.00,0.9573
25-2058.00,29-1141.02,0.9704
25-2058.00,31-9099.01,0.954
25-2059.01,25-3011.00,0.9589
25-2059.01,25-3021.00,0.9731
25-2059.01,25-3031.00,0.9575
25-2059.01,25-9031.00,0.9616
25-2059.01,25-9043.00,0.9527
25-2059.01,27-2022.00,0.9539
25-2059.01,29-1122.00,0.9581
25-2059.01,29-1122.01,0.9754
25-2059.01,29-1125.00,0.9562
25-2059.01,29-1129.02,0.9617
25-2059.01,29-2053.00,0.9536
25-2059.01,29-9091.00,0.9602
25-2059.01,31-2011.00,0.9592
25-2059.01,39-2011.00,0.9671
25-2059.01,39-9011.00,0.96
25-3011.00,25-3031.00,0.9711
25-3011.00,25-3041.00,0.98
25-3011.00,25-9031.00,0.9508
25-3011.00,25-9043.00,0.9573
25-3011.00,29-1122.01,0.9649
25-3011.00,29-1141.02,0.957
25-3021.00,25-3031.00,0.959
25-3021.00,25-9043.00,0.9519
25-3021.00,25-9044.00,0.9633
25-3021.00,27-3091.00,0.9549
25-3021.00,29-1122.01,0.9599
25-3021.00,39-2011.00,0.9505
25-3031.00,25-3041.00,0.9816
25-3031.00,25-9042.00,0.9513
25-3031.00,25-9043.00,0.9821
25-3031.00,27-2011.00,0.9573
25-3031.00,27-2023.00,0.9505
25-3031.00,27-2031.00,0.9713
25-3031.00,27-2032.00,0.9508
25-3031.00,27-3091.00,0.9646
25-3031.00,29-1122.01,0.9542
25-3031.00,29-1129.01,0.9519
25-3031.00,29-2053.00,0.9548
25-3031.00,31-9099.01,0.9567
25-3031.00,43-4111.00,0.9617
25-3031.00,43-4161.00,0.958
25-3041.00,25-9031.00,0.9515
25-3041.00,25-9043.00,0.9652
25-4011.00,25-4012.00,0.9505
25-4011.00,33-3021.06,0.9506
25-4013.00,31-9099.01,0.9514
25-4022.00,43-3061.00,0.9506
25-4022.00,43-4041.00,0.9551
25-4022.00,43-4161.00,0.961
25-9021.00,29-1011.00,0.9508
25-9021.00,29-1141.02,0.9532
25-9021.00,29-1214.00,0.9561
25-9031.00,25-9042.00,0.9555
25-9031.00,27-2022.00,0.9521
25-9031.00,29-1141.02,0.9538
25-9031.00,43-1011.00,0.954
25-9042.00,25-9043.00,0.9508
25-9042.00,31-1121.00,0.9704
25-9042.00,35-3011.00,0.9504
25-9042.00,43-9061.00,0.9531
25-9043.00,27-2031.00,0.9531
25-9043.00,29-1122.01,0.962
25-9043.00,29-2053.00,0.9533
25-9043.00,31-9099.01,0.9575
27-1011.00,27-1022.00,0.9709
27-1011.00,27-1024.00,0.9502
27-1011.00,27-1027.00,0.9687
27-1011.00,27-2041.00,0.9606
27-1011.00,27-3031.00,0.9569
27-1022.00,43-1011.00,0.9634
27-1024.00,27-3031.00,0.9527
27-1026.00,41-9011.00,0.9557
27-2012.00,41-1012.00,0.9548
27-2012.00,53-1042.01,0.9542
27-2012.04,27-2041.00,0.9657
27-2012.04,27-3031.00,0.9576
27-2012.04,29-1129.01,0.9509
27-2012.04,43-3061.00,0.952
27-2012.04,43-4041.00,0.9543
27-2012.04,43-4161.00,0.9594
27-2022.00,27-2032.00,0.9554
27-2022.00,39-2011.00,0.9677
27-2023.00,39-9011.00,0.9566
27-2031.00,27-2032.00,0.9539
27-2032.00,29-1125.00,0.954
27-2041.00,27-3031.00,0.958
27-2041.00,41-1012.00,0.9551
27-2042.00,29-2053.00,0.958
27-2042.00,31-2011.00,0.952
27-2042.00,43-5032.00,0.9573
27-3011.00,43-2011.00,0.9571
27-3023.00,27-3043.00,0.9632
27-3023.00,27-3091.00,0.9501
27-3023.00,33-3051.04,0.9524
27-3023.00,33-9021.00,0.9626
27-3023.00,43-4021.00,0.9617
27-3023.00,43-4031.00,0.9627
27-3023.00,43-4061.00,0.9597
27-3023.00,43-4071.00,0.9567
27-3023.00,43-4161.00,0.9774
27-3023.00,43-6011.00,0.9561
27-3023.00,43-6012.00,0.9592
27-3023.00,43-6014.00,0.9617
27-3023.00,43-9041.00,0.9511
27-3023.00,43-9061.00,0.9608
27-3031.00,29-1125.00,0.9517
27-3042.00,27-3043.05,0.9621
27-3043.00,43-4161.00,0.9524
27-3091.00,43-4161.00,0.9626
27-3091.00,43-6012.00,0.9597
27-4021.00,39-5094.00,0.9548
29-1011.00,29-1041.00,0.9721
29-1011.00,29-1051.00,0.9521
29-1011.00,29-1071.00,0.9638
29-1011.00,29-1131.00,0.9546
29-1011.00,29-1161.00,0.9647
29-1011.00,29-1171.00,0.9658
29-1011.00,29-1213.00,0.9689
29-1011.00,29-1214.00,0.961
29-1011.00,29-1215.00,0.9656
29-1011.00,29-1216.00,0.972
29-1011.00,29-1217.00,0.9733
29-1011.00,29-1218.00,0.9756
29-1011.00,29-1221.00,0.9599
29-1011.00,29-1223.00,0.9583
29-1011.00,29-1229.01,0.9563
29-1011.00,29-1229.02,0.9682
29-1011.00,29-1229.03,0.9509
29-1011.00,29-1229.04,0.9745
29-1011.00,29-1229.05,0.9647
29-1011.00,29-1229.06,0.9576
29-1011.00,29-1241.00,0.951
29-1011.00,29-1299.01,0.9793
29-1011.00,29-1299.02,0.9635
29-1011.00,29-2036.00,0.9535
29-1011.00,29-9092.00,0.9565
29-1023.00,29-1081.00,0.9535
29-1023.00,29-1141.04,0.9615
29-1023.00,29-1171.00,0.9633
29-1023.00,29-1218.00,0.9557
29-1031.00,29-1051.00,0.9648
29-1031.00,29-1071.00,0.9621
29-1031.00,29-1217.00,0.9537
29-1031.00,29-1221.00,0.954
29-1031.00,29-1229.05,0.9575
29-1041.00,29-1217.00,0.9569
29-1041.00,29-1229.04,0.9664
29-1041.00,29-1299.01,0.9528
29-1041.00,29-2036.00,0.9628
29-1051.00,29-1071.00,0.9699
29-1051.00,29-1171.00,0.9609
29-1051.00,29-1215.00,0.9613
29-1051.00,29-1216.00,0.958
29-1051.00,29-1217.00,0.961
29-1051.00,29-1218.00,0.9608
29-1051.00,29-1221.00,0.9523
29-1051.00,29-1229.02,0.9536
29-1051.00,29-1229.04,0.9623
29-1051.00,29-1229.05,0.9576
29-1051.00,29-1299.01,0.9579
29-1051.00,29-2036.00,0.9533
29-1071.00,29-1131.00,0.9512
29-1071.00,29-1141.04,0.9521
29-1071.00,29-1161.00,0.96
29-1071.00,29-1171.00,0.9743
29-1071.00,29-1213.00,0.9703
29-1071.00,29-1215.00,0.9709
29-1071.00,29-1216.00,0.983
29-1071.00,29-1217.00,0.9785
29-1071.00,29-1218.00,0.9575
29-1071.00,29-1221.00,0.9802
29-1071.00,29-1223.00,0.9515
29-1071.00,29-1229.01,0.9609
29-1071.00,29-1229.02,0.9771
29-1071.00,29-1229.04,0.9646
29-1071.00,29-1229.05,0.9646
29-1071.00,29-1299.01,0.9788
29-1071.00,29-2036.00,0.9509
29-1071.01,29-2011.04,0.9514
29-1081.00,29-1131.00,0.9655
29-1081.00,29-1141.01,0.9505
29-1081.00,29-1161.00,0.9569
29-1081.00,29-1171.00,0.9727
29-1081.00,29-1216.00,0.9646
29-1081.00,29-1217.00,0.96
29-1081.00,29-1218.00,0.9547
29-1081.00,29-1229.04,0.9538
29-1122.00,29-1123.00,0.9691
29-1122.00,29-1125.00,0.9622
29-1122.00,29-1127.00,0.9525
29-1122.00,29-1141.04,0.965
29-1122.00,29-1161.00,0.9549
29-1122.01,29-1128.00,0.9525
29-1122.01,29-1214.00,0.9515
29-1122.01,31-2011.00,0.9627
29-1122.01,31-9099.01,0.9628
29-1122.01,39-2011.00,0.95
29-1123.00,29-1125.00,0.9587
29-1123.00,29-1128.00,0.9563
29-1123.00,29-1129.01,0.9564
29-1123.00,29-1141.04,0.9564
29-1123.00,29-1161.00,0.9585
29-1123.00,29-1291.00,0.9565
29-1123.00,29-9091.00,0.9534
29-1123.00,31-2011.00,0.9515
29-1123.00,31-9099.01,0.9501
29-1125.00,29-2053.00,0.9545
29-1125.00,39-9032.00,0.9529
29-1126.00,29-1151.00,0.9602
29-1126.00,29-2056.00,0.9518
29-1127.00,29-1128.00,0.9605
29-1127.00,29-1161.00,0.956
29-1128.00,29-1161.00,0.9575
29-1128.00,29-1214.00,0.9559
29-1128.00,29-1217.00,0.9515
29-1128.00,29-1229.02,0.9543
29-1128.00,29-1229.04,0.9636
29-1128.00,29-1229.06,0.9549
29-1128.00,29-1299.01,0.9551
29-1129.01,29-1129.02,0.9606
29-1129.01,29-1141.02,0.9515
29-1129.01,29-1161.00,0.9533
29-1129.01,31-9099.01,0.956
29-1129.02,29-2053.00,0.9543
29-1129.02,31-2011.00,0.9571
29-1129.02,31-9099.01,0.9511
29-1131.00,29-1171.00,0.9744
29-1131.00,29-1215.00,0.9635
29-1131.00,29-1216.00,0.9687
29-1131.00,29-1218.00,0.9605
29-1131.00,29-1221.00,0.954
29-1131.00,29-1222.00,0.951
29-1141.00,29-1141.01,0.9792
29-1141.00,29-1141.03,0.9637
29-1141.00,29-1161.00,0.9675
29-1141.00,29-1214.00,0.9535
29-1141.00,29-1229.04,0.9598
29-1141.00,29-1229.06,0.9574
29-1141.00,29-1241.00,0.954
29-1141.00,29-2061.00,0.9631
29-1141.00,29-9091.00,0.9575
29-1141.00,29-9099.01,0.9567
29-1141.00,31-9092.00,0.9533
29-1141.01,29-1141.03,0.9724
29-1141.01,29-1141.04,0.9514
29-1141.01,29-1161.00,0.9636
29-1141.01,29-1214.00,0.963
29-1141.01,29-1224.00,0.9514
29-1141.01,29-1229.03,0.9526
29-1141.01,29-1229.04,0.9575
29-1141.01,29-1229.06,0.9651
29-1141.01,29-1241.00,0.9696
29-1141.01,29-2061.00,0.9691
29-1141.01,29-9091.00,0.9603
29-1141.02,29-1213.00,0.961
29-1141.02,29-1214.00,0.9626
29-1141.02,29-1217.00,0.9557
29-1141.02,29-1229.01,0.9607
29-1141.02,29-1229.02,0.9618
29-1141.02,29-1299.01,0.9617
29-1141.02,29-2099.08,0.9568
29-1141.02,29-9092.00,0.9579
29-1141.02,29-9099.01,0.9535
29-1141.02,31-9099.01,0.9574
29-1141.03,29-1141.04,0.9521
29-1141.03,29-1161.00,0.9574
29-1141.03,29-1214.00,0.9531
29-1141.03,29-2061.00,0.9617
29-1141.04,29-1161.00,0.9694
29-1141.04,29-1171.00,0.9712
29-1141.04,29-1214.00,0.9603
29-1141.04,29-1215.00,0.9573
29-1141.04,29-1217.00,0.9511
29-1141.04,29-1218.00,0.9673
29-1141.04,29-1221.00,0.9582
29-1141.04,29-1223.00,0.9541
29-1141.04,29-1229.02,0.9612
29-1141.04,29-1229.04,0.9592
29-1141.04,29-1229.05,0.9556
29-1141.04,29-1229.06,0.9534
29-1141.04,29-9091.00,0.9528
29-1161.00,29-1171.00,0.9717
29-1161.00,29-1181.00,0.9511
29-1161.00,29-1213.00,0.9558
29-1161.00,29-1214.00,0.9767
29-1161.00,29-1215.00,0.9588
29-1161.00,29-1216.00,0.9616
29-1161.00,29-1217.00,0.9686
29-1161.00,29-1218.00,0.9744
29-1161.00,29-1221.00,0.9562
29-1161.00,29-1223.00,0.9577
29-1161.00,29-1229.02,0.9808
29-1161.00,29-1229.04,0.9744
29-1161.00,29-1229.05,0.9506
29-1161.00,29-1229.06,0.9591
29-1161.00,29-1291.00,0.9615
29-1161.00,29-1299.01,0.9699
29-1161.00,29-2061.00,0.9534
29-1161.00,29-9091.00,0.9537
29-1161.00,29-9099.01,0.9669
29-1161.00,31-9099.01,0.9563
29-1171.00,29-1213.00,0.9561
29-1171.00,29-1215.00,0.9764
29-1171.00,29-1216.00,0.9838
29-1171.00,29-1217.00,0.973
29-1171.00,29-1218.00,0.9812
29-1171.00,29-1221.00,0.9798
29-1171.00,29-1223.00,0.9699
29-1171.00,29-1229.02,0.9754
29-1171.00,29-1229.04,0.9657
29-1171.00,29-1229.05,0.9694
29-1171.00,29-1299.01,0.9639
29-1171.00,29-1299.02,0.9516
29-1211.00,29-1224.00,0.9527
29-1211.00,29-1229.03,0.9503
29-1213.00,29-1214.00,0.958
29-1213.00,29-1215.00,0.962
29-1213.00,29-1216.00,0.9636
29-1213.00,29-1217.00,0.9694
29-1213.00,29-1218.00,0.9578
29-1213.00,29-1221.00,0.9702
29-1213.00,29-1223.00,0.9593
29-1213.00,29-1229.01,0.9683
29-1213.00,29-1229.02,0.9722
29-1213.00,29-1229.04,0.959
29-1213.00,29-1299.01,0.9781
29-1213.00,29-9092.00,0.9514
29-1213.00,29-9099.01,0.9608
29-1214.00,29-1217.00,0.9574
29-1214.00,29-1218.00,0.9659
29-1214.00,29-1229.02,0.9678
29-1214.00,29-1229.03,0.9516
29-1214.00,29-1229.04,0.9659
29-1214.00,29-1229.06,0.9692
29-1214.00,29-1241.00,0.9654
29-1214.00,29-1299.01,0.9664
29-1214.00,29-2061.00,0.9631
29-1214.00,29-9099.01,0.9688
29-1214.00,31-9092.00,0.9542
29-1214.00,31-9099.01,0.9547
29-1214.00,33-3021.00,0.9545
29-1214.00,33-3051.04,0.9612
29-1215.00,29-1216.00,0.9802
29-1215.00,29-1217.00,0.9671
29-1215.00,29-1218.00,0.9756
29-1215.00,29-1221.00,0.9751
29-1215.00,29-1223.00,0.9579
29-1215.00,29-1229.01,0.9692
29-1215.00,29-1229.02,0.9736
29-1215.00,29-1229.04,0.9606
29-1215.00,29-1229.05,0.9602
29-1215.00,29-1241.00,0.9512
29-1215.00,29-1299.01,0.9684
29-1215.00,29-1299.02,0.9516
29-1215.00,29-2036.00,0.9514
29-1216.00,29-1217.00,0.9804
29-1216.00,29-1218.00,0.9678
29-1216.00,29-1221.00,0.9828
29-1216.00,29-1223.00,0.9662
29-1216.00,29-1229.01,0.9584
29-1216.00,29-1229.02,0.9784
29-1216.00,29-1229.04,0.9623
29-1216.00,29-1229.05,0.971
29-1216.00,29-1299.01,0.9721
29-1216.00,29-1299.02,0.9597
29-1217.00,29-1218.00,0.9673
29-1217.00,29-1221.00,0.9709
29-1217.00,29-1223.00,0.9578
29-1217.00,29-1229.01,0.9711
29-1217.00,29-1229.02,0.9851
29-1217.00,29-1229.04,0.9833
29-1217.00,29-1229.05,0.9771
29-1217.00,29-1229.06,0.9552
29-1217.00,29-1299.01,0.9794
29-1217.00,29-1299.02,0.9553
29-1217.00,29-2036.00,0.9564
29-1217.00,29-9092.00,0.9528
29-1217.00,29-9099.01,0.9629
29-1218.00,29-1221.00,0.9678
29-1218.00,29-1223.00,0.9646
29-1218.00,29-1229.01,0.956
29-1218.00,29-1229.02,0.971
29-1218.00,29-1229.04,0.9662
29-1218.00,29-1229.05,0.9622
29-1218.00,29-1229.06,0.9528
29-1218.00,29-1241.00,0.9592
29-1218.00,29-1299.01,0.9638
29-1221.00,29-1223.00,0.9746
29-1221.00,29-1229.01,0.9514
29-1221.00,29-1229.02,0.9683
29-1221.00,29-1229.05,0.9647
29-1221.00,29-1299.01,0.9664
29-1223.00,29-1229.02,0.9616
29-1223.00,29-1229.05,0.9651
29-1223.00,29-1299.01,0.9507
29-1223.00,29-1299.02,0.9696
29-1224.00,29-1229.03,0.9717
29-1224.00,29-1241.00,0.9695
29-1224.00,29-2011.01,0.956
29-1229.01,29-1229.02,0.9649
29-1229.01,29-1229.03,0.9537
29-1229.01,29-1229.04,0.9515
29-1229.01,29-1299.01,0.9755
29-1229.01,29-9092.00,0.9602
29-1229.02,29-1229.04,0.9785
29-1229.02,29-1229.05,0.9745
29-1229.02,29-1241.00,0.9501
29-1229.02,29-1299.01,0.9825
29-1229.02,29-9092.00,0.9615
29-1229.02,29-9099.01,0.9662
29-1229.03,29-1229.04,0.9513
29-1229.03,29-1229.06,0.9687
29-1229.03,29-1241.00,0.967
29-1229.03,29-2036.00,0.956
29-1229.04,29-1229.05,0.9665
29-1229.04,29-1229.06,0.974
29-1229.04,29-1241.00,0.9664
29-1229.04,29-1299.01,0.9709
29-1229.04,29-2036.00,0.9653
29-1229.04,29-9091.00,0.9527
29-1229.04,29-9099.01,0.9653
29-1229.05,29-1299.01,0.9617
29-1229.05,29-1299.02,0.9512
29-1229.06,29-1241.00,0.9718
29-1229.06,29-2036.00,0.9504
29-1229.06,29-2061.00,0.9525
29-1229.06,29-9091.00,0.9671
29-1229.06,29-9099.01,0.9625
29-1291.00,29-9099.01,0.9596
29-1291.00,31-9011.00,0.9559
29-1299.01,29-2036.00,0.9521
29-1299.01,29-9092.00,0.9631
29-1299.01,29-9099.01,0.9549
29-2031.00,29-2033.00,0.9608
29-2051.00,33-2021.00,0.9677
29-2052.00,31-9095.00,0.9558
29-2053.00,29-9099.01,0.9534
29-2053.00,31-1133.00,0.9546
29-2053.00,31-2011.00,0.958
29-2053.00,31-2022.00,0.9609
29-2053.00,33-1011.00,0.9542
29-2053.00,39-9011.00,0.9526
29-2053.00,39-9032.00,0.9509
29-2053.00,53-2031.00,0.9519
29-2061.00,29-9099.01,0.9534
29-2061.00,31-1122.00,0.9542
29-2061.00,31-9092.00,0.9501
29-2099.05,31-9092.00,0.9528
29-2099.08,43-4051.00,0.9501
29-9091.00,31-2021.00,0.9561
29-9099.01,31-9099.01,0.9505
31-1121.00,31-1122.00,0.9516
31-1121.00,31-1133.00,0.9696
31-1121.00,31-2012.00,0.9524
31-1121.00,33-9011.00,0.9539
31-1121.00,35-3011.00,0.9713
31-1122.00,31-1131.00,0.9713
31-1122.00,31-1132.00,0.9556
31-1122.00,31-1133.00,0.9643
31-1122.00,31-2011.00,0.9521
31-1122.00,31-2012.00,0.9615
31-1131.00,31-9097.00,0.9562
31-1133.00,31-2011.00,0.9542
31-1133.00,31-2012.00,0.9648
31-1133.00,33-3051.00,0.9557
31-1133.00,33-9011.00,0.9525
31-1133.00,39-9011.01,0.9586
31-1133.00,53-2031.00,0.9774
31-2011.00,31-2012.00,0.9549
31-2011.00,31-2022.00,0.9505
31-2011.00,31-9099.01,0.9696
31-2012.00,31-2022.00,0.9623
31-2012.00,33-9011.00,0.9528
31-2012.00,33-9092.00,0.9581
31-2012.00,39-5094.00,0.9599
31-2012.00,43-5031.00,0.9517
31-2012.00,53-2031.00,0.9611
31-2021.00,31-9091.00,0.9503
31-2022.00,39-9011.00,0.953
31-9011.00,31-9099.01,0.9565
31-9094.00,43-6012.00,0.9528
31-9099.01,43-4161.00,0.9532
33-1011.00,33-1012.00,0.9652
33-1011.00,39-1022.00,0.9657
33-1011.00,39-9041.00,0.9627
33-1011.00,53-1042.01,0.9521
33-1012.00,33-1091.00,0.9643
33-1012.00,39-1022.00,0.9601
33-1012.00,53-1042.01,0.9576
33-1021.00,33-1091.00,0.9553
33-1021.00,33-2022.00,0.951
33-1021.00,39-1013.00,0.9563
33-1021.00,53-1042.00,0.9504
33-1091.00,53-1042.00,0.9567
33-2021.00,33-9099.02,0.9615
33-3011.00,33-3051.00,0.9504
33-3012.00,33-3051.00,0.9568
33-3012.00,33-3051.04,0.9513
33-3012.00,33-9032.00,0.9589
33-3021.00,33-3021.02,0.9593
33-3021.00,33-3051.00,0.9605
33-3021.00,33-3051.04,0.9774
33-3021.00,33-3052.00,0.9559
33-3021.00,33-9011.00,0.9583
33-3021.00,33-9021.00,0.9684
33-3021.00,33-9032.00,0.9525
33-3021.00,43-5031.00,0.9501
33-3021.02,33-3051.04,0.9679
33-3021.02,33-9011.00,0.9608
33-3021.06,43-4131.00,0.9584
33-3021.06,43-4161.00,0.9516
33-3051.00,33-3051.04,0.9687
33-3051.00,33-9011.00,0.9628
33-3051.00,33-9032.00,0.9508
33-3051.00,43-3071.00,0.9514
33-3051.04,33-9011.00,0.9607
33-3051.04,33-9021.00,0.9603
33-3051.04,33-9031.00,0.954
33-3051.04,33-9032.00,0.9618
33-3052.00,33-9011.00,0.958
33-9011.00,33-9032.00,0.9585
33-9011.00,39-5094.00,0.9587
33-9011.00,43-4151.00,0.9516
33-9011.00,43-9061.00,0.9558
33-9021.00,43-4161.00,0.9626
33-9031.00,33-9099.02,0.9591
33-9032.00,53-2031.00,0.9546
33-9091.00,39-6012.00,0.9512
33-9091.00,43-5031.00,0.9502
33-9099.02,53-1042.01,0.9552
33-9099.02,53-6051.00,0.9649
35-2011.00,35-3023.00,0.9595
35-2011.00,35-9031.00,0.9551
35-2011.00,41-2011.00,0.9568
35-2015.00,35-2021.00,0.966
35-2015.00,35-3041.00,0.953
35-2015.00,37-2012.00,0.9626
35-2015.00,51-3021.00,0.9521
35-2021.00,35-3031.00,0.9503
35-2021.00,35-3041.00,0.9633
35-2021.00,37-2012.00,0.9771
35-3023.00,35-3031.00,0.9517
35-3023.00,35-9011.00,0.9634
35-3023.00,37-2012.00,0.9578
35-3041.00,35-9011.00,0.9554
35-3041.00,53-7065.00,0.9519
35-9031.00,39-3011.00,0.9516
35-9031.00,39-5092.00,0.9517
35-9031.00,43-4171.00,0.9559
37-1012.00,47-1011.03,0.9538
37-1012.00,53-1041.00,0.95
39-1013.00,43-4031.00,0.9542
39-1022.00,39-9041.00,0.958
39-1022.00,43-1011.00,0.9583
39-1022.00,53-1042.01,0.9707
39-3011.00,39-3012.00,0.9538
39-3011.00,41-2011.00,0.9701
39-3011.00,43-3041.00,0.9525
39-3011.00,43-3071.00,0.9524
39-3011.00,43-4141.00,0.9548
39-3011.00,43-4151.00,0.9511
39-3012.00,43-3041.00,0.9512
39-3012.00,43-3071.00,0.9619
39-3012.00,43-4151.00,0.9538
39-3012.00,43-5051.00,0.9593
39-3031.00,53-6061.00,0.9544
39-3092.00,39-9041.00,0.9613
39-3093.00,39-5093.00,0.9558
39-5012.00,39-5094.00,0.9522
39-5012.00,43-4051.00,0.9573
39-5092.00,39-6012.00,0.9543
39-5093.00,39-7011.00,0.952
39-5093.00,41-2021.00,0.952
39-5093.00,43-5031.00,0.9505
39-5093.00,53-2031.00,0.9696
39-6012.00,41-3041.00,0.9515
39-6012.00,41-9091.00,0.9534
39-7012.00,41-4011.00,0.9551
39-9011.01,39-9041.00,0.9629
39-9032.00,39-9041.00,0.9623
39-9041.00,41-1011.00,0.9517
39-9041.00,41-9022.00,0.9508
39-9041.00,53-2031.00,0.9507
41-1011.00,41-1012.00,0.958
41-1011.00,43-1011.00,0.9596
41-1012.00,43-1011.00,0.9632
41-2011.00,43-3041.00,0.958
41-2011.00,43-3071.00,0.9531
41-2021.00,43-9061.00,0.9572
41-2031.00,41-9022.00,0.9564
41-3011.00,41-3041.00,0.9608
41-3011.00,41-4011.00,0.9715
41-3011.00,41-4011.07,0.9536
41-3011.00,41-4012.00,0.9603
41-3011.00,41-9022.00,0.951
41-3011.00,41-9091.00,0.9629
41-3021.00,41-4011.07,0.9568
41-3021.00,43-4181.00,0.9523
41-3021.00,43-9041.00,0.956
41-3041.00,41-4011.00,0.9563
41-3041.00,41-4011.07,0.9603
41-3041.00,41-4012.00,0.9607
41-3041.00,41-9091.00,0.9562
41-3041.00,43-4051.00,0.9577
41-3041.00,43-4141.00,0.9602
41-3041.00,43-4181.00,0.9613
41-4011.00,41-4012.00,0.9657
41-4011.00,41-9091.00,0.9516
41-4011.07,41-4012.00,0.9561
41-4011.07,41-9021.00,0.9538
41-4011.07,41-9022.00,0.9605
41-4011.07,41-9031.00,0.952
41-4011.07,43-4151.00,0.954
41-4011.07,43-4181.00,0.9718
41-4012.00,41-9022.00,0.9561
41-4012.00,41-9091.00,0.9672
41-4012.00,43-3011.00,0.9548
41-9021.00,41-9022.00,0.9696
41-9021.00,43-3011.00,0.9566
41-9021.00,43-4151.00,0.9715
41-9022.00,43-3011.00,0.9642
41-9022.00,43-4151.00,0.9602
41-9022.00,43-4181.00,0.9506
41-9041.00,41-9091.00,0.952
43-2011.00,43-2021.00,0.9531
43-2011.00,43-4141.00,0.95
43-2011.00,43-4171.00,0.9549
43-2011.00,43-5031.00,0.9558
43-2021.00,43-4171.00,0.9537
43-2021.00,43-6013.00,0.9619
43-3011.00,43-4021.00,0.9509
43-3011.00,43-4061.00,0.9601
43-3011.00,43-4141.00,0.9656
43-3011.00,43-4151.00,0.9677
43-3011.00,43-4171.00,0.9593
43-3011.00,43-4181.00,0.9598
43-3011.00,43-9061.00,0.9594
43-3021.00,43-3031.00,0.9536
43-3021.00,43-3051.00,0.9711
43-3031.00,43-3061.00,0.9568
43-3031.00,43-4011.00,0.9575
43-3041.00,43-3071.00,0.9683
43-3051.00,43-4141.00,0.9524
43-3061.00,43-4021.00,0.9532
43-3061.00,43-4041.00,0.965
43-3061.00,43-4161.00,0.9542
43-3071.00,43-4151.00,0.9611
43-3071.00,43-5051.00,0.9587
43-3071.00,43-9061.00,0.9509
43-4011.00,43-4041.00,0.9617
43-4011.00,43-4111.00,0.9557
43-4011.00,43-4161.00,0.9501
43-4011.00,43-9041.00,0.9553
43-4021.00,43-4031.00,0.9629
43-4021.00,43-4041.00,0.965
43-4021.00,43-4061.00,0.972
43-4021.00,43-4131.00,0.9549
43-4021.00,43-4141.00,0.9604
43-4021.00,43-4151.00,0.9516
43-4021.00,43-4161.00,0.9644
43-4021.00,43-6011.00,0.9665
43-4021.00,43-6012.00,0.9575
43-4021.00,43-9041.00,0.9543
43-4031.00,43-4041.00,0.9672
43-4031.00,43-4061.00,0.957
43-4031.00,43-4121.00,0.9505
43-4031.00,43-4141.00,0.9632
43-4031.00,43-4161.00,0.9614
43-4031.00,43-4171.00,0.9515
43-4031.00,43-6011.00,0.957
43-4031.00,43-6012.00,0.9595
43-4031.00,43-6013.00,0.9641
43-4031.00,43-6014.00,0.9571
43-4031.00,43-9041.00,0.9516
43-4041.00,43-4111.00,0.9545
43-4041.00,43-4141.00,0.9571
43-4041.00,43-4161.00,0.9632
43-4041.00,43-6011.00,0.9605
43-4051.00,43-4061.00,0.9598
43-4051.00,43-4111.00,0.9703
43-4051.00,43-4141.00,0.958
43-4051.00,43-4161.00,0.9582
43-4051.00,43-4171.00,0.9521
43-4051.00,43-4181.00,0.971
43-4051.00,43-6011.00,0.9546
43-4061.00,43-4141.00,0.9651
43-4061.00,43-4161.00,0.9682
43-4061.00,43-4171.00,0.9534
43-4061.00,43-4181.00,0.9525
43-4061.00,43-6012.00,0.9506
43-4061.00,43-9041.00,0.952
43-4071.00,43-4161.00,0.955
43-4071.00,43-6014.00,0.9625
43-4071.00,43-9061.00,0.9532
43-4081.00,43-4181.00,0.955
43-4111.00,43-4141.00,0.9513
43-4111.00,43-4161.00,0.9701
43-4111.00,43-4181.00,0.9573
43-4131.00,43-4141.00,0.9539
43-4131.00,43-4161.00,0.954
43-4141.00,43-4151.00,0.9743
43-4141.00,43-4161.00,0.9579
43-4141.00,43-4171.00,0.9642
43-4141.00,43-4181.00,0.9782
43-4141.00,43-6011.00,0.9628
43-4141.00,43-9041.00,0.9542
43-4151.00,43-4171.00,0.9578
43-4151.00,43-4181.00,0.9635
43-4151.00,43-5051.00,0.9687
43-4151.00,43-6011.00,0.959
43-4151.00,43-9061.00,0.9575
43-4161.00,43-6011.00,0.9602
43-4161.00,43-6012.00,0.9561
43-4161.00,43-6013.00,0.9514
43-4161.00,43-6014.00,0.9625
43-4161.00,43-9041.00,0.954
43-4161.00,43-9061.00,0.9599
43-4171.00,43-4181.00,0.9676
43-4171.00,43-6011.00,0.9518
43-4171.00,43-9061.00,0.964
43-4181.00,43-6011.00,0.9598
43-4181.00,43-9041.00,0.9608
43-5011.01,43-9041.00,0.9545
43-5021.00,53-3031.00,0.9669
43-5032.00,43-9041.00,0.9565
43-5032.00,43-9061.00,0.9518
43-5051.00,43-5071.00,0.9608
43-6011.00,43-9041.00,0.9633
43-6011.00,43-9061.00,0.9574
43-6012.00,43-6014.00,0.9707
43-6012.00,43-9061.00,0.9571
43-6013.00,43-6014.00,0.9698
43-6014.00,43-9061.00,0.9512
45-4022.00,47-2072.00,0.9574
47-1011.00,51-1011.00,0.9503
47-1011.03,53-1042.00,0.952
47-2043.00,47-5051.00,0.9569
47-2043.00,53-7062.04,0.9546
47-2071.00,47-4061.00,0.9679
47-2071.00,47-5041.00,0.9528
47-2071.00,51-7041.00,0.9525
47-2072.00,47-4061.00,0.9508
47-4021.00,49-2092.00,0.9511
47-4051.00,47-5051.00,0.9529
47-4061.00,47-5023.00,0.9595
47-4061.00,47-5041.00,0.9621
47-4061.00,47-5071.00,0.9514
47-4061.00,51-7041.00,0.9541
47-5022.00,53-7031.00,0.9529
47-5023.00,47-5041.00,0.956
47-5051.00,51-9192.00,0.9568
47-5051.00,53-7062.04,0.954
49-2022.00,49-3023.00,0.9564
49-2092.00,49-3041.00,0.9538
49-2092.00,49-9097.00,0.9613
49-3011.00,49-3041.00,0.9518
49-3041.00,49-3053.00,0.9542
49-3051.00,49-3053.00,0.9649
51-3092.00,51-3093.00,0.9503
51-4021.00,51-6061.00,0.9511
51-4021.00,51-9041.00,0.9581
51-4023.00,51-6064.00,0.9555
51-4031.00,51-9041.00,0.9631
51-4033.00,51-9032.00,0.9724
51-4035.00,51-6061.00,0.9553
51-4035.00,51-9041.00,0.9585
51-5112.00,51-9022.00,0.966
51-6011.00,53-4022.00,0.9594
51-6063.00,51-6064.00,0.955
51-9023.00,51-9191.00,0.9524
51-9023.00,53-7071.00,0.9561
51-9195.00,53-7062.04,0.9593
53-1042.00,53-1042.01,0.9594
53-2011.00,53-2012.00,0.9637
53-2021.00,53-2022.00,0.9593
53-3051.00,53-3053.00,0.9658
53-3051.00,53-6011.00,0.9523
